Station,Station Type,#SPs,Avg SP length
S1,Regular,3,8860.67
S2,CommunicationPoint,0,0
S3,Regular,2,448.5
S4,CommunicationPoint,0,0
S5,Regular,1,316.0
S6,CommunicationPoint,0,0
S7,Regular,1,264.0
S8,Regular,3,528.0
S9,Regular,2,3370.0
S10,CommunicationPoint,0,0
S11,Regular,3,9190.0
S12,Regular,2,4870.0
S13,CommunicationPoint,0,0
S14,CommunicationPoint,0,0
S15,CommunicationPoint,0,0
S17,CommunicationPoint,0,0
S18,CommunicationPoint,0,0
S19,Regular,2,343.0
S20,Regular,2,528.0
S21,Regular,2,41791.0
S22,Regular,1,528.0
S23,Gate,3,7429.33
S24,Regular,1,528.0
S25,Regular,1,528.0
S26,Regular,1,528.0
S27,CommunicationPoint,0,0
S28,Regular,2,976.5
S29,Regular,2,8394.5
S30,Regular,1,633.0
S31,Regular,1,4276.0
S32,Regular,1,528.0
S33,Regular,1,528.0
S35,Gate,1,528.0
S36,CommunicationPoint,0,0
S37,Regular,2,14990.0
S38,Regular,2,6060.0
S39,Regular,2,5640.0
S40,CommunicationPoint,0,0
S41,CommunicationPoint,0,0
S42,CommunicationPoint,0,0
S43,CommunicationPoint,0,0
S44,Regular,4,6888.75
S45,CommunicationPoint,0,0
S46,CommunicationPoint,0,0
S47,CommunicationPoint,0,0
S48,Regular,5,10750.0
S49,Regular,2,9550.0
S50,Regular,1,211.0
S51,CommunicationPoint,0,0
S52,Regular,2,6530.0
S53,Gate,1,2.0
S54,Regular,2,3650.0
S55,CommunicationPoint,0,0
S56,Regular,2,6150.0
S57,Regular,2,2243.5
S58,Regular,2,5420.0
S59,Regular,2,9030.0
S60,Regular,2,4140.0
S61,Regular,5,971.2
S62,Gate,1,1214.0
S63,Regular,6,15044.33
S64,Regular,1,528.0
S65,Regular,2,10300.0
S66,CommunicationPoint,0,0
S67,CommunicationPoint,0,0
S68,Regular,2,528.0
S69,CommunicationPoint,0,0
S70,Regular,2,4510.0
S71,Regular,2,528.0
S72,Regular,2,4430.0
S73,Regular,1,686.0
S74,Regular,1,33052.0
S75,CommunicationPoint,0,0
S76,CommunicationPoint,0,0
S77,Gate,1,37804.0
S78,Regular,2,6620.0
S81,Regular,2,10490.0
S83,Regular,2,7350.0
S86,Regular,2,15740.0
S87,Regular,2,528.0
S88,Regular,1,158.0
S89,CommunicationPoint,0,0
S90,CommunicationPoint,0,0
S91,Regular,3,4069.33
S92,Gate,1,2112.0
S93,CommunicationPoint,0,0
S94,CommunicationPoint,0,0
S95,CommunicationPoint,0,0
S97,Gate,1,528.0
S98,CommunicationPoint,0,0
S99,Regular,3,176.67
S100,Regular,2,6855.0
S101,Regular,1,211.0
S102,CommunicationPoint,0,0
S103,Regular,2,1346.0
S104,CommunicationPoint,0,0
S105,Regular,1,633.0
S106,Regular,1,528.0
S107,CommunicationPoint,0,0
S108,CommunicationPoint,0,0
S109,Regular,1,56496.0
S110,Gate,2,8315.5
S111,Regular,2,12020.0
S112,CommunicationPoint,0,0
S113,Regular,4,4820.5
S114,CommunicationPoint,0,0
S115,CommunicationPoint,0,0
S116,Regular,2,501.5
S117,Regular,1,528.0
S118,Regular,2,264.5
S119,Regular,1,580.0
S120,Regular,1,528.0
S121,Regular,1,528.0
S122,CommunicationPoint,0,0
S123,CommunicationPoint,0,0
S124,Regular,2,528.0
S125,Regular,2,8340.0
S126,CommunicationPoint,0,0
S127,Regular,2,6160.0
S128,Regular,2,6210.0
S129,CommunicationPoint,0,0
S130,CommunicationPoint,0,0
S131,Regular,3,5816.0
S132,CommunicationPoint,0,0
S133,Regular,2,7320.0
S134,Regular,1,528.0
S135,CommunicationPoint,0,0
S136,Regular,2,10140.0
S137,Regular,1,528.0
S138,CommunicationPoint,0,0
S140,CommunicationPoint,0,0
S141,Regular,3,528.0
S142,CommunicationPoint,0,0
S143,Regular,1,8553.0
S144,Regular,1,475.0
S145,Regular,2,8350.0
S146,CommunicationPoint,0,0
S147,CommunicationPoint,0,0
S148,CommunicationPoint,0,0
S149,CommunicationPoint,0,0
S150,CommunicationPoint,0,0
S151,Regular,1,528.0
S152,Regular,2,1030.0
S153,Regular,2,7350.0
S154,Regular,3,528.0
S155,Regular,2,528.0
S156,Regular,4,5455.75
S157,Regular,1,528.0
S159,Regular,3,8068.0
S160,CommunicationPoint,0,0
S161,CommunicationPoint,0,0
S162,CommunicationPoint,0,0
S163,CommunicationPoint,0,0
S164,Regular,2,5260.0
S165,Regular,1,422.0
S166,Regular,3,8270.0
S167,Regular,2,5300.0
S168,Regular,5,5837.4
S169,Regular,3,4489.33
S170,CommunicationPoint,0,0
S172,Regular,3,281.67
S173,CommunicationPoint,0,0
S174,CommunicationPoint,0,0
S175,CommunicationPoint,0,0
S176,CommunicationPoint,0,0
S177,Regular,4,7120.0
S178,Regular,4,6713.0
S179,Regular,1,528.0
S180,Regular,2,7780.0
S181,Regular,3,4649.33
S182,Regular,1,6850.0
S183,Regular,1,264.0
S184,CommunicationPoint,0,0
S185,Regular,2,8370.0
S186,CommunicationPoint,0,0
S187,CommunicationPoint,0,0
S188,CommunicationPoint,0,0
S189,Regular,1,26241.0
S190,Regular,2,6100.0
S191,CommunicationPoint,0,0
S192,Regular,2,5760.0
S193,CommunicationPoint,0,0
S194,CommunicationPoint,0,0
S195,Regular,2,7320.0
S196,Regular,1,264.0
S197,Regular,1,528.0
S198,Regular,3,16706.0
S199,CommunicationPoint,0,0
S200,Regular,2,10420.0
S201,Regular,2,10360.0
S202,Regular,2,8490.0
S203,Regular,1,528.0
S204,Regular,1,528.0
S207,Regular,2,290.0
S208,Gate,1,5280.0
S209,Regular,1,6282.0
S210,CommunicationPoint,0,0
S211,CommunicationPoint,0,0
S212,Regular,2,9220.0
S213,Regular,3,4722.67
S214,CommunicationPoint,0,0
S215,Regular,2,10750.0
S216,Regular,1,528.0
S217,Regular,4,5215.0
S218,Regular,1,475.0
S219,Regular,1,2851.0
S220,Regular,2,8450.0
S222,Regular,1,580.0
S223,CommunicationPoint,0,0
S224,Regular,1,422.0
S225,Regular,2,11860.0
S226,Regular,2,9080.0
S227,Regular,1,528.0
S228,Regular,1,52.0
S229,CommunicationPoint,0,0
S230,Regular,2,7990.0
S231,Regular,1,64891.0
S232,Regular,2,13270.0
S233,Regular,5,4126.2
S234,Regular,2,13430.0
S235,Regular,1,792.0
S236,Regular,2,7360.0
S237,Regular,1,528.0
S239,CommunicationPoint,0,0
S240,Regular,1,528.0
S241,Regular,1,528.0
S242,Regular,6,6338.83
S243,Regular,1,528.0
S244,CommunicationPoint,0,0
S245,CommunicationPoint,0,0
S246,Regular,2,1420.0
S247,Regular,1,528.0
S248,Regular,1,528.0
S249,CommunicationPoint,0,0
S250,Regular,2,6610.0
S251,CommunicationPoint,0,0
S252,Regular,2,7340.0
S253,CommunicationPoint,0,0
S254,Regular,2,8595.0
S255,Regular,1,1.0
S256,CommunicationPoint,0,0
S257,Regular,1,1531.0
S258,Gate,5,528.0
S259,Regular,5,528.0
S260,Regular,2,528.0
S261,CommunicationPoint,0,0
S262,Regular,1,528.0
S263,CommunicationPoint,0,0
S264,Gate,1,528.0
S265,Gate,1,528.0
S266,Regular,2,528.0
S267,Regular,2,18650.0
S268,Regular,2,6100.0
S269,CommunicationPoint,0,0
S270,Gate,2,528.0
S271,CommunicationPoint,0,0
S272,Gate,5,3083.2
S274,Regular,1,475.0
S275,CommunicationPoint,0,0
S276,CommunicationPoint,0,0
S277,Regular,2,528.0
S278,Regular,2,528.0
S279,Regular,2,3933.0
S280,Regular,4,1214.25
S281,Regular,1,528.0
S282,Regular,2,3933.0
S283,Regular,1,528.0
S284,Regular,2,5596.5
S285,Regular,3,29268.33
S286,Regular,2,7320.0
S287,CommunicationPoint,0,0
S288,CommunicationPoint,0,0
S289,Regular,5,1246.4
S290,CommunicationPoint,0,0
S291,Regular,6,5675.0
S292,Regular,2,422.0
S304,CommunicationPoint,0,0
S305,Regular,2,12380.0
S306,CommunicationPoint,0,0
S307,CommunicationPoint,0,0
S308,Regular,2,607.0
S309,Gate,1,1.0
S310,Gate,1,1.0
S311,CommunicationPoint,0,0
S312,Gate,3,721.33
S313,Regular,1,633.0
S314,Regular,1,528.0
S316,CommunicationPoint,0,0
S317,CommunicationPoint,0,0
S318,Regular,3,528.0
S319,Regular,1,528.0
S320,Regular,2,8560.0
S321,CommunicationPoint,0,0
S322,CommunicationPoint,0,0
S323,Regular,2,739.0
S324,Regular,5,3052.2
S325,Gate,2,5412.0
S326,CommunicationPoint,0,0
S327,Regular,1,1.0
S328,Regular,1,211.0
S329,Regular,1,528.0
S330,CommunicationPoint,0,0
S331,CommunicationPoint,0,0
S332,CommunicationPoint,0,0
S333,CommunicationPoint,0,0
S334,CommunicationPoint,0,0
S335,Regular,2,9020.0
S336,Regular,2,6990.0
S337,CommunicationPoint,0,0
S339,Regular,1,528.0
S340,CommunicationPoint,0,0
S341,Regular,2,448.5
S342,CommunicationPoint,0,0
S343,Regular,2,7350.0
S344,CommunicationPoint,0,0
S345,Regular,1,528.0
S346,Regular,1,528.0
S347,Gate,1,12196.0
S348,CommunicationPoint,0,0
S349,CommunicationPoint,0,0
S350,Regular,2,8043.0
S351,CommunicationPoint,0,0
S352,Regular,2,9500.0
S353,Regular,1,528.0
S354,Regular,2,6060.0
S355,Regular,2,9220.0
S356,Regular,2,6030.0
S357,Regular,2,8790.0
S358,Regular,2,5980.0
S359,Regular,2,6018.0
S360,Regular,2,5970.0
S361,Regular,3,6076.0
S362,Regular,2,6440.0
S363,Regular,3,8856.0
S364,Regular,2,6140.0
S365,Regular,2,5920.0
S366,Gate,3,17043.0
S367,Regular,1,528.0
S368,Regular,3,5645.33
S369,Regular,2,12690.0
S370,Regular,2,7390.0
S371,CommunicationPoint,0,0
S372,Regular,1,528.0
S373,CommunicationPoint,0,0
S374,Regular,2,10020.0
S375,Regular,2,7340.0
S376,Regular,2,7250.0
S377,Regular,2,7430.0
S378,Regular,2,17480.0
S379,Regular,2,7300.0
S380,CommunicationPoint,0,0
S381,CommunicationPoint,0,0
S382,Gate,3,6010.0
S383,Regular,1,528.0
S384,CommunicationPoint,0,0
S385,CommunicationPoint,0,0
S386,Regular,3,7340.0
S387,Regular,2,8240.0
S388,Regular,2,7080.0
S389,Regular,2,6020.0
S390,Regular,2,8230.0
S391,Regular,2,12820.0
S392,Regular,2,8260.0
S393,CommunicationPoint,0,0
S394,Regular,2,5910.0
S395,Regular,2,8260.0
S396,Regular,2,5940.0
S397,Regular,2,12420.0
S398,CommunicationPoint,0,0
S399,CommunicationPoint,0,0
S400,Regular,2,8240.0
S401,Regular,2,8230.0
S402,Regular,2,8270.0
S403,Regular,2,5830.0
S404,Regular,1,528.0
S405,Regular,2,8230.0
S406,Regular,2,8240.0
S407,Regular,2,8230.0
S408,Regular,3,45093.33
S409,Regular,2,8230.0
S410,Regular,2,8210.0
S411,Regular,1,35164.0
S412,Regular,1,528.0
S413,Gate,2,528.0
S414,Regular,1,528.0
S415,Regular,2,8280.0
S416,Regular,2,8250.0
S417,Regular,3,10566.67
S418,Regular,3,10176.0
S419,Regular,2,8250.0
S420,Regular,3,8106.67
S421,Regular,2,7890.0
S422,Regular,2,11620.0
S423,Regular,2,8230.0
S424,Regular,2,6900.0
S425,Regular,2,8500.0
S426,Regular,2,9960.0
S427,CommunicationPoint,0,0
S428,CommunicationPoint,0,0
S429,Regular,2,12040.0
S430,Regular,2,10460.0
S431,Regular,2,5190.0
S432,Regular,2,8620.0
S433,Regular,2,8650.0
S434,CommunicationPoint,0,0
S435,CommunicationPoint,0,0
S436,Regular,2,8440.0
S437,Regular,2,8530.0
S438,CommunicationPoint,0,0
S439,CommunicationPoint,0,0
S440,CommunicationPoint,0,0
S441,CommunicationPoint,0,0
S442,Regular,2,9270.0
S443,Regular,2,8710.0
S444,CommunicationPoint,0,0
S445,CommunicationPoint,0,0
S446,CommunicationPoint,0,0
S447,Regular,2,8890.0
S448,Regular,2,5600.0
S449,Regular,2,8440.0
S450,Regular,2,8600.0
S451,Regular,2,5770.0
S452,Regular,2,9070.0
S453,Regular,2,5660.0
S454,Regular,2,7530.0
S455,Regular,3,34127.0
S456,Regular,2,6440.0
S457,Regular,2,6380.0
S458,Regular,1,528.0
S459,CommunicationPoint,0,0
S460,Regular,2,8790.0
S461,Regular,4,4942.0
S462,Regular,2,9730.0
S463,Regular,2,9960.0
S464,Regular,2,16570.0
S465,Regular,2,9740.0
S466,Regular,2,10790.0
S467,CommunicationPoint,0,0
S468,Regular,2,6380.0
S469,Regular,2,9910.0
S470,Regular,2,6750.0
S471,Regular,2,10610.0
S472,Regular,2,6360.0
S473,Regular,2,10620.0
S474,CommunicationPoint,0,0
S475,CommunicationPoint,0,0
S476,Gate,1,3643.0
S477,Gate,4,3535.75
S478,Regular,2,4530.0
S479,Regular,2,9000.0
S480,Regular,2,3140.0
S481,Gate,1,1.0
S482,Gate,1,1584.0
S483,Regular,2,7480.0
S484,Regular,2,7380.0
S485,Regular,1,528.0
S486,Regular,1,422.0
S487,Regular,1,528.0
S488,Gate,2,9730.0
S489,Gate,1,57024.0
S490,Regular,1,52.0
S491,CommunicationPoint,0,0
S492,CommunicationPoint,0,0
S493,Regular,1,54858.0
S494,CommunicationPoint,0,0
S495,CommunicationPoint,0,0
S496,Gate,1,1.0
S497,Regular,2,5770.0
S498,Regular,2,5750.0
S499,Regular,2,9520.0
S500,Regular,2,6200.0
S501,Regular,2,10640.0
S502,Regular,2,5760.0
S503,Regular,2,9010.0
S504,Regular,2,5750.0
S505,Regular,2,5770.0
S506,Regular,2,9020.0
S507,Regular,2,5770.0
S508,Regular,2,5760.0
S509,CommunicationPoint,0,0
S510,Regular,2,6150.0
S511,Regular,2,6060.0
S512,Regular,2,5750.0
S513,Regular,2,9840.0
S514,Regular,2,5760.0
S515,Regular,2,5760.0
S516,Regular,2,8790.0
S517,Regular,2,5790.0
S518,Regular,2,5720.0
S519,Regular,2,8840.0
S520,Regular,2,6290.0
S521,CommunicationPoint,0,0
S522,CommunicationPoint,0,0
S523,CommunicationPoint,0,0
S524,Regular,2,8043.0
S525,Regular,2,9500.0
S526,Regular,2,6030.0
S527,Regular,2,6060.0
S528,Regular,2,8790.0
S529,Regular,2,6018.0
S530,Regular,2,5970.0
S531,Regular,2,8850.0
S532,Regular,2,5980.0
S533,Regular,2,6440.0
S534,Regular,2,8770.0
S535,Regular,2,6140.0
S536,Regular,2,5920.0
S537,Regular,2,8431.0
S538,Regular,2,5930.0
S539,Regular,2,8810.0
S540,Regular,2,5960.0
S541,Regular,2,8820.0
S542,Regular,2,5970.0
S543,Regular,2,5960.0
S544,CommunicationPoint,0,0
S545,CommunicationPoint,0,0
S546,Regular,2,5880.0
S547,Regular,2,8540.0
S548,Regular,2,6030.0
S549,Regular,2,6010.0
S550,Regular,2,8820.0
S551,Regular,2,6010.0
S552,Regular,2,6000.0
S553,Regular,2,8860.0
S554,Regular,2,5980.0
S555,Regular,2,6010.0
S556,Regular,2,5990.0
S557,Regular,2,8740.0
S558,Regular,2,6020.0
S559,CommunicationPoint,0,0
S560,Regular,1,528.0
S561,CommunicationPoint,0,0
S562,Regular,2,5930.0
S563,Regular,2,6020.0
S564,Regular,2,8860.0
S565,Regular,2,5990.0
S566,Regular,2,6000.0
S567,Regular,4,7341.5
S568,Regular,2,5990.0
S569,Regular,1,55756.0
S570,Regular,3,6049.33
S571,Regular,2,6800.0
S572,Regular,2,9710.0
S573,Regular,2,6030.0
S574,Regular,2,5960.0
S575,Regular,2,8850.0
S576,Regular,2,6710.0
S577,Regular,2,6010.0
S578,Regular,2,8810.0
S579,Regular,2,6010.0
S580,Regular,2,6410.0
S581,Regular,3,6578.67
S582,Regular,2,6000.0
S583,Regular,2,6020.0
S584,CommunicationPoint,0,0
S585,Regular,4,8270.0
S586,CommunicationPoint,0,0
S587,Regular,2,6230.0
S588,Regular,2,6060.0
S589,Regular,2,6040.0
S590,Regular,2,6100.0
S591,Gate,1,528.0
S592,CommunicationPoint,0,0
S593,CommunicationPoint,0,0
S594,Regular,4,1940.0
S595,CommunicationPoint,0,0
S596,Regular,2,528.0
S597,Regular,1,792.0
S598,Regular,1,528.0
S599,CommunicationPoint,0,0
S600,CommunicationPoint,0,0
S601,CommunicationPoint,0,0
S602,CommunicationPoint,0,0
S603,Regular,3,7249.33
S604,Regular,2,5370.0
S605,CommunicationPoint,0,0
S606,Regular,2,11330.0
S607,Regular,2,3400.0
S608,Regular,2,6124.5
S609,Regular,2,4480.0
S610,CommunicationPoint,0,0
S611,Regular,2,6098.0
S612,Regular,2,6230.0
S613,Regular,2,7204.0
S614,Regular,2,5120.0
S615,Regular,2,6177.0
S616,Regular,2,6180.0
S617,Regular,2,6350.0
S618,Regular,2,6340.0
S619,Regular,2,6770.0
S620,Regular,2,6040.0
S621,Regular,2,3680.0
S622,Regular,2,6610.0
S623,Regular,2,4670.0
S624,Regular,2,9789.0
S625,Regular,2,3840.0
S626,CommunicationPoint,0,0
S627,Gate,1,9187.0
S628,Regular,2,7254.5
S629,Regular,2,7868.5
S630,Regular,2,4860.0
S631,Regular,2,5998.0
S632,Regular,2,6258.5
S633,Regular,2,6135.5
S634,Regular,2,6450.0
S635,Regular,2,4199.0
S636,Regular,3,7398.33
S637,Regular,2,6263.0
S638,Regular,2,6260.0
S639,Regular,2,5663.0
S640,Regular,2,6240.0
S641,Regular,2,6290.0
S642,Regular,2,6256.5
S643,Regular,2,6140.0
S644,Regular,2,6160.0
S645,Regular,2,6150.0
S646,Regular,2,6192.0
S647,Regular,2,6140.0
S648,Regular,2,6208.5
S649,Regular,2,6140.0
S651,Regular,1,528.0
S652,Regular,1,1636.0
S653,Regular,2,1240.5
S654,Regular,1,1161.0
S655,Regular,2,6160.0
S656,Regular,2,6010.0
S657,Regular,2,6130.0
S658,Regular,2,6020.0
S659,Regular,2,15020.0
S660,Regular,2,6000.0
S661,Regular,2,5970.0
S662,Regular,2,5990.0
S663,Regular,2,5980.0
S664,Regular,2,10290.0
S665,Regular,2,15070.0
S666,Regular,2,6020.0
S667,Regular,2,6010.0
S668,Regular,2,5990.0
S669,Regular,3,4162.67
S670,Regular,2,15060.0
S671,Regular,2,7740.0
S672,Regular,2,8010.0
S673,Regular,2,6130.0
S674,CommunicationPoint,0,0
S675,Regular,2,12980.0
S676,CommunicationPoint,0,0
S677,CommunicationPoint,0,0
S678,CommunicationPoint,0,0
S679,Regular,1,316.0
S680,Regular,3,668.67
S681,Regular,2,4750.0
S682,CommunicationPoint,0,0
S683,CommunicationPoint,0,0
S684,CommunicationPoint,0,0
S685,CommunicationPoint,0,0
S686,Regular,2,7770.0
S687,Regular,2,8170.0
S688,CommunicationPoint,0,0
S689,Gate,2,21120.0
S690,CommunicationPoint,0,0
S691,Gate,2,16430.0
S692,Regular,2,9600.0
S693,Regular,2,9650.0
S694,Regular,2,9570.0
S695,Regular,2,9630.0
S696,Regular,2,9590.0
S697,CommunicationPoint,0,0
S698,CommunicationPoint,0,0
S699,Regular,2,9690.0
S700,Regular,2,9460.0
S701,CommunicationPoint,0,0
S702,Regular,2,6730.0
S703,Regular,2,10780.0
S704,Regular,2,11450.0
S705,Regular,2,11520.0
S706,Regular,2,13820.0
S707,Regular,2,9940.0
S708,Regular,2,9620.0
S709,Regular,2,9630.0
S710,Regular,2,9580.0
S711,Regular,2,9630.0
S712,Regular,2,6050.0
S713,Regular,2,6403.5
S714,Regular,2,9610.0
S715,Regular,2,9950.0
S716,Regular,2,9560.0
S717,Regular,2,5730.0
S718,Regular,2,5860.0
S719,Regular,2,6010.0
S720,CommunicationPoint,0,0
S721,CommunicationPoint,0,0
S722,Regular,2,58713.5
S723,CommunicationPoint,0,0
S724,CommunicationPoint,0,0
S725,CommunicationPoint,0,0
S726,CommunicationPoint,0,0
S727,CommunicationPoint,0,0
S728,CommunicationPoint,0,0
S729,CommunicationPoint,0,0
S730,Regular,1,528.0
S731,CommunicationPoint,0,0
S732,CommunicationPoint,0,0
S733,Regular,2,7330.0
S734,Regular,2,7370.0
S735,Regular,2,8020.0
S736,Regular,2,7280.0
S737,Regular,4,3696.0
S738,Regular,2,7400.0
S739,Regular,2,7730.0
S740,Regular,2,7420.0
S741,Regular,2,7320.0
S742,Regular,2,7280.0
S743,Regular,2,7310.0
S744,Regular,3,1316.0
S745,Regular,3,3671.67
S746,Regular,2,5270.0
S747,Regular,2,8440.0
S748,Regular,2,5310.0
S749,Regular,2,5220.0
S750,Regular,2,5230.0
S751,Regular,2,5760.0
S752,Regular,2,6740.0
S753,Regular,2,8530.0
S754,Regular,2,5860.0
S755,Regular,2,5440.0
S756,Regular,2,8460.0
S757,Regular,2,4800.0
S758,Regular,2,8610.0
S759,Regular,2,7550.0
S760,Regular,2,9540.0
S761,Regular,2,6450.0
S762,Regular,4,4552.75
S763,Regular,2,6160.0
S764,Regular,2,6130.0
S765,Regular,2,6180.0
S766,Regular,2,7160.0
S767,Regular,2,6150.0
S768,Regular,2,6160.0
S769,Regular,2,6260.0
S770,Regular,2,5460.0
S771,Regular,2,7360.0
S772,Regular,2,8290.0
S773,Regular,2,5180.0
S774,Regular,2,5650.0
S775,Regular,2,8290.0
S776,Regular,2,5100.0
S777,Regular,5,5141.6
S778,Regular,2,8650.0
S779,CommunicationPoint,0,0
S780,CommunicationPoint,0,0
S781,Regular,2,5800.0
S782,Regular,2,5380.0
S783,Regular,2,8590.0
S784,Regular,2,5020.0
S785,Regular,2,5560.0
S786,Regular,2,5250.0
S787,Regular,3,5782.67
S788,Regular,2,6140.0
S789,Regular,2,9730.0
S790,Regular,2,5100.0
S791,Regular,2,5260.0
S792,CommunicationPoint,0,0
S793,CommunicationPoint,0,0
S794,Regular,2,9230.0
S795,Regular,2,8430.0
S796,Regular,2,8350.0
S797,Regular,2,8300.0
S798,Regular,2,8310.0
S799,Regular,3,10596.0
S800,Regular,2,8370.0
S801,Regular,2,8240.0
S802,Regular,2,8160.0
S803,Regular,2,8340.0
S804,Regular,2,8430.0
S805,Regular,2,8290.0
S806,Regular,4,778.75
S807,CommunicationPoint,0,0
S808,Regular,1,1531.0
S809,CommunicationPoint,0,0
S810,Regular,1,475.0
S811,Regular,1,686.0
S812,CommunicationPoint,0,0
S813,CommunicationPoint,0,0
S814,CommunicationPoint,0,0
S815,CommunicationPoint,0,0
S816,Regular,1,68903.0
S817,CommunicationPoint,0,0
S818,CommunicationPoint,0,0
S819,CommunicationPoint,0,0
S820,CommunicationPoint,0,0
S821,CommunicationPoint,0,0
S822,Regular,2,8560.0
S823,Regular,2,6030.0
S824,Regular,2,9820.0
S825,CommunicationPoint,0,0
S826,CommunicationPoint,0,0
S827,CommunicationPoint,0,0
S828,CommunicationPoint,0,0
S829,CommunicationPoint,0,0
S830,CommunicationPoint,0,0
S831,CommunicationPoint,0,0
S832,Regular,2,2032.5
S833,Gate,1,528.0
S834,CommunicationPoint,0,0
S835,Regular,2,8270.0
S836,Regular,2,8350.0
S837,CommunicationPoint,0,0
S838,Regular,1,633.0
S839,CommunicationPoint,0,0
S840,CommunicationPoint,0,0
S841,Regular,1,528.0
S842,CommunicationPoint,0,0
S843,CommunicationPoint,0,0
S844,Regular,2,8380.0
S845,Regular,2,8330.0
S846,Regular,1,844.0
S847,Regular,2,8340.0
S848,Regular,2,8310.0
S849,Regular,2,8210.0
S850,Regular,2,8360.0
S851,Regular,2,8460.0
S852,Regular,2,8280.0
S853,Regular,2,8430.0
S854,Regular,2,8330.0
S855,CommunicationPoint,0,0
S856,CommunicationPoint,0,0
S857,Regular,2,8370.0
S858,Regular,2,8480.0
S859,Regular,2,8280.0
S860,Regular,5,4624.8
S861,Regular,2,8490.0
S862,CommunicationPoint,0,0
S863,Regular,2,369.0
S864,Regular,1,528.0
S865,CommunicationPoint,0,0
S866,CommunicationPoint,0,0
S867,CommunicationPoint,0,0
S868,Regular,2,10790.0
S869,CommunicationPoint,0,0
S870,Regular,2,3960.0
S871,CommunicationPoint,0,0
S872,CommunicationPoint,0,0
S873,Regular,2,3750.0
S874,CommunicationPoint,0,0
S875,Gate,2,1.0
S876,Regular,2,9620.0
S877,CommunicationPoint,0,0
S878,CommunicationPoint,0,0
S879,CommunicationPoint,0,0
S880,CommunicationPoint,0,0
S881,CommunicationPoint,0,0
S882,Regular,2,6370.0
S883,Regular,2,5670.0
S884,CommunicationPoint,0,0
S885,Regular,2,5230.0
S886,Regular,2,12370.0
S887,Regular,2,4180.0
S888,Gate,1,1531.0
S889,CommunicationPoint,0,0
S890,CommunicationPoint,0,0
S891,CommunicationPoint,0,0
S892,CommunicationPoint,0,0
S893,Gate,1,1.0
S894,Regular,5,4302.0
S895,CommunicationPoint,0,0
S896,CommunicationPoint,0,0
S897,CommunicationPoint,0,0
S898,CommunicationPoint,0,0
S899,Regular,2,8360.0
S900,Regular,2,8380.0
S901,Regular,3,3702.0
S902,Regular,2,8360.0
S903,Regular,2,8670.0
S904,CommunicationPoint,0,0
S905,CommunicationPoint,0,0
S906,CommunicationPoint,0,0
S907,CommunicationPoint,0,0
S908,CommunicationPoint,0,0
S909,Regular,4,6444.0
S910,Regular,2,8840.0
S911,Regular,2,8390.0
S912,Regular,2,8950.0
S913,CommunicationPoint,0,0
S914,CommunicationPoint,0,0
S915,CommunicationPoint,0,0
S916,CommunicationPoint,0,0
S917,CommunicationPoint,0,0
S918,Regular,2,3790.0
S919,Regular,3,6349.33
S920,CommunicationPoint,0,0
S921,CommunicationPoint,0,0
S922,Regular,2,4950.0
S923,Regular,2,10700.0
S924,Regular,1,1.0
S925,Regular,1,1.0
S926,Regular,2,7480.0
S927,Regular,2,9800.0
S928,Regular,2,8310.0
S929,Regular,2,8350.0
S930,Regular,2,8310.0
S931,Regular,2,7310.0
S932,Regular,1,1.0
S933,Regular,2,9010.0
S934,Regular,2,9010.0
S935,Regular,1,1478.0
S936,Regular,2,9130.0
S937,Regular,1,633.0
S938,Regular,2,9520.0
S939,Regular,2,7730.0
S940,Regular,2,9160.0
S941,Gate,1,1.0
S942,CommunicationPoint,0,0
S943,Regular,2,5870.0
S944,Regular,2,4922.5
S945,CommunicationPoint,0,0
S946,Regular,2,7080.0
S947,Gate,1,8342.0
S948,CommunicationPoint,0,0
S949,CommunicationPoint,0,0
S950,Gate,1,1.0
S951,Gate,1,1.0
S952,CommunicationPoint,0,0
S953,CommunicationPoint,0,0
S954,Gate,2,1.0
S955,CommunicationPoint,0,0
S956,CommunicationPoint,0,0
S957,CommunicationPoint,0,0
S958,CommunicationPoint,0,0
S959,Regular,1,686.0
S960,CommunicationPoint,0,0
S961,Regular,1,528.0
S962,Regular,2,528.0
S963,CommunicationPoint,0,0
S964,CommunicationPoint,0,0
S966,Gate,1,528.0
S967,Gate,1,1.0
S968,Gate,1,1.0
S969,Gate,1,1.0
S970,CommunicationPoint,0,0
S971,CommunicationPoint,0,0
S972,CommunicationPoint,0,0
S973,Gate,2,501.5
S974,CommunicationPoint,0,0
S975,Regular,2,9550.0
S976,Regular,2,14740.0
S977,Regular,2,8430.0
S978,Regular,2,14420.0
S979,CommunicationPoint,0,0
S980,Regular,2,6660.0
S981,CommunicationPoint,0,0
S982,CommunicationPoint,0,0
S983,CommunicationPoint,0,0
S984,CommunicationPoint,0,0
S985,CommunicationPoint,0,0
S986,CommunicationPoint,0,0
S987,CommunicationPoint,0,0
S988,Regular,2,8300.0
S989,Regular,2,8370.0
S990,Regular,2,8330.0
S991,Regular,2,9120.0
S992,Regular,2,15500.0
S993,Regular,2,17090.0
S994,Regular,2,8350.0
S995,Regular,2,15560.0
S996,CommunicationPoint,0,0
S997,CommunicationPoint,0,0
S998,Regular,2,15000.0
S999,Regular,2,8320.0
S1000,CommunicationPoint,0,0
S1001,Regular,2,8360.0
S1002,CommunicationPoint,0,0
S1003,CommunicationPoint,0,0
S1004,Regular,1,528.0
S1005,Regular,2,8450.0
S1006,CommunicationPoint,0,0
S1007,Regular,2,15200.0
S1008,Regular,1,528.0
S1009,Regular,2,10910.0
S1010,Regular,2,8370.0
S1011,CommunicationPoint,0,0
S1012,CommunicationPoint,0,0
S1013,CommunicationPoint,0,0
S1014,CommunicationPoint,0,0
S1015,Regular,3,5576.0
S1016,Regular,1,528.0
S1017,CommunicationPoint,0,0
S1018,CommunicationPoint,0,0
S1019,CommunicationPoint,0,0
S1020,CommunicationPoint,0,0
S1021,CommunicationPoint,0,0
S1022,CommunicationPoint,0,0
S1023,Regular,1,528.0
S1024,CommunicationPoint,0,0
S1025,Regular,2,8340.0
S1026,CommunicationPoint,0,0
S1027,Regular,2,8350.0
S1028,CommunicationPoint,0,0
S1029,Regular,2,8430.0
S1030,Regular,3,695.33
S1031,Regular,2,501.5
S1032,CommunicationPoint,0,0
S1034,Regular,7,11309.43
S1035,Regular,2,528.0
S1036,CommunicationPoint,0,0
S1037,Regular,1,369.0
S1038,CommunicationPoint,0,0
S1039,CommunicationPoint,0,0
S1040,CommunicationPoint,0,0
S1041,CommunicationPoint,0,0
S1042,CommunicationPoint,0,0
S1043,CommunicationPoint,0,0
S1044,Regular,2,10470.0
S1045,Regular,2,11140.0
S1046,CommunicationPoint,0,0
S1047,CommunicationPoint,0,0
S1048,CommunicationPoint,0,0
S1049,Regular,1,1267.0
S1050,Regular,1,2006.0
S1051,Regular,1,1531.0
S1052,Regular,5,17304.6
S1053,Gate,4,883.75
S1055,Regular,2,739.0
S1056,Regular,2,527.5
S1057,Regular,4,2494.25
S1058,CommunicationPoint,0,0
S1059,Regular,3,16246.33
S1061,Regular,9,4556.33
S1062,CommunicationPoint,0,0
S1063,CommunicationPoint,0,0
S1064,Regular,2,1.0
S1065,CommunicationPoint,0,0
S1066,Regular,4,9280.0
S1069,Regular,1,42134.0
S1070,Regular,4,8752.5
S1072,CommunicationPoint,0,0
S1073,Regular,1,528.0
S1074,Regular,6,5704.33
S1075,CommunicationPoint,0,0
S1076,CommunicationPoint,0,0
S1077,CommunicationPoint,0,0
S1078,CommunicationPoint,0,0
S1079,CommunicationPoint,0,0
S1080,CommunicationPoint,0,0
S1081,Regular,1,422.0
S1082,Regular,2,606.5
S1083,Regular,1,528.0
S1084,CommunicationPoint,0,0
S1085,CommunicationPoint,0,0
S1086,Regular,1,528.0
S1087,CommunicationPoint,0,0
S1088,CommunicationPoint,0,0
S1089,Regular,1,528.0
S1090,Regular,1,316.0
S1092,Regular,2,607.0
S1094,CommunicationPoint,0,0
S1095,CommunicationPoint,0,0
S1096,Regular,7,528.0
S1097,Regular,3,14090.0
S1098,Regular,6,10088.5
S1099,CommunicationPoint,0,0
S1100,Regular,1,528.0
S1101,Regular,2,501.5
S1102,CommunicationPoint,0,0
S1103,Regular,6,361.0
S1104,CommunicationPoint,0,0
S1105,CommunicationPoint,0,0
S1106,CommunicationPoint,0,0
S1107,CommunicationPoint,0,0
S1108,Regular,1,28564.0
S1109,CommunicationPoint,0,0
S1110,CommunicationPoint,0,0
S1111,Regular,4,11115.0
S1112,CommunicationPoint,0,0
S1113,Regular,1,4435.0
S1114,CommunicationPoint,0,0
S1115,CommunicationPoint,0,0
S1116,Regular,2,5580.0
S1117,Regular,4,4882.25
S1118,Regular,5,6042.4
S1119,Regular,2,5680.0
S1120,CommunicationPoint,0,0
S1121,Regular,5,3395.4
S1123,CommunicationPoint,0,0
S1124,Regular,1,316.0
S1125,Regular,4,818.0
S1126,Regular,4,6597.0
S1127,Regular,1,422.0
S1128,Regular,1,528.0
S1129,Regular,2,528.0
S1130,Regular,1,45619.0
S1131,CommunicationPoint,0,0
S1132,CommunicationPoint,0,0
S1133,CommunicationPoint,0,0
S1134,Regular,4,5197.5
S1135,CommunicationPoint,0,0
S1136,CommunicationPoint,0,0
S1137,CommunicationPoint,0,0
S1138,Regular,3,528.0
S1139,Regular,9,3897.56
S1140,Gate,5,9905.4
S1141,CommunicationPoint,0,0
S1142,Regular,3,3386.0
S1143,Regular,1,528.0
S1144,CommunicationPoint,0,0
S1145,Regular,6,5116.0
S1146,Regular,1,528.0
S1147,CommunicationPoint,0,0
S1148,CommunicationPoint,0,0
S1149,CommunicationPoint,0,0
S1150,CommunicationPoint,0,0
S1151,Gate,3,1.0
S1152,Regular,1,4012.0
S1153,Regular,1,528.0
S1154,CommunicationPoint,0,0
S1155,Regular,1,528.0
S1156,CommunicationPoint,0,0
S1157,Gate,1,861591.0
S1159,Regular,1,528.0
S1160,Regular,1,1.0
S1161,Regular,2,8760.0
S1162,Regular,2,10230.0
S1163,Regular,2,10250.0
S1164,Regular,2,8340.0
S1165,Regular,1,528.0
S1166,CommunicationPoint,0,0
S1167,CommunicationPoint,0,0
S1168,CommunicationPoint,0,0
S1170,Regular,3,6022.67
S1171,Regular,2,2454.5
S1172,Regular,4,4784.75
S1174,CommunicationPoint,0,0
S1175,Gate,1,897.0
S1176,CommunicationPoint,0,0
S1177,Gate,1,897.0
S1178,Regular,2,6960.0
S1179,Regular,7,2950.71
S1180,Regular,1,528.0
S1181,Regular,5,3178.6
S1182,Regular,2,2376.0
S1184,Regular,2,10130.0
S1185,Gate,1,4910.0
S1186,Regular,3,12549.67
S1187,CommunicationPoint,0,0
S1188,Gate,2,8640.0
S1189,Regular,1,264.0
S1190,Regular,4,528.0
S1191,Regular,5,2727.2
S1192,Gate,2,1372.5
S1193,Regular,1,234.0
S1194,Gate,2,12370.0
S1195,Regular,2,8920.0
S1196,Regular,2,8000.0
S1197,Regular,3,14223.67
S1198,Regular,2,7900.0
S1199,Regular,2,8480.0
S1200,CommunicationPoint,0,0
S1201,CommunicationPoint,0,0
S1202,CommunicationPoint,0,0
S1203,CommunicationPoint,0,0
S1204,CommunicationPoint,0,0
S1205,Regular,3,985.0
S1206,Regular,4,528.0
S1207,CommunicationPoint,0,0
S1208,Regular,2,8200.0
S1209,CommunicationPoint,0,0
S1210,CommunicationPoint,0,0
S1211,Regular,1,1003.0
S1212,Regular,3,528.0
S1213,CommunicationPoint,0,0
S1214,Gate,13,528.0
S1215,CommunicationPoint,0,0
S1216,CommunicationPoint,0,0
S1217,Regular,1,369.0
S1220,CommunicationPoint,0,0
S1222,Regular,2,7650.0
S1223,Regular,6,16383.33
S1224,CommunicationPoint,0,0
S1225,Regular,1,13780.0
S1226,Regular,4,448.75
S1227,Regular,2,11780.0
S1228,CommunicationPoint,0,0
S1229,Regular,1,1320.0
S1230,CommunicationPoint,0,0
S1231,Gate,9,528.0
S1232,CommunicationPoint,0,0
S1235,CommunicationPoint,0,0
S1236,CommunicationPoint,0,0
S1237,CommunicationPoint,0,0
S1241,CommunicationPoint,0,0
S1242,CommunicationPoint,0,0
S1243,CommunicationPoint,0,0
S1244,Regular,2,7600.0
S1245,Regular,2,7560.0
S1246,Regular,2,7880.0
S1247,Regular,2,8220.0
S1248,Regular,2,7880.0
S1249,CommunicationPoint,0,0
S1250,Regular,1,528.0
S1251,Gate,4,22735.5
S1253,Gate,1,18480.0
S1255,CommunicationPoint,0,0
S1256,Gate,2,8960.0
S1257,CommunicationPoint,0,0
S1258,Regular,1,528.0
S1259,Gate,1,528.0
S1260,CommunicationPoint,0,0
S1261,Regular,2,7760.0
S1262,Regular,2,7570.0
S1263,Regular,2,10650.0
S1267,Regular,4,1.0
S1268,Regular,1,528.0
S1269,CommunicationPoint,0,0
S1270,Regular,1,528.0
S1271,Regular,1,528.0
S1273,Regular,1,686.0
S1274,Regular,2,10610.0
S1277,Regular,2,4700.0
S1278,CommunicationPoint,0,0
S1280,CommunicationPoint,0,0
S1281,CommunicationPoint,0,0
S1285,Regular,1,633.0
S1286,Regular,4,9510.0
S1287,Regular,2,554.0
S1288,CommunicationPoint,0,0
S1289,Regular,1,528.0
S1290,Regular,1,1.0
S1291,Regular,1,528.0
S1292,CommunicationPoint,0,0
S1293,Regular,1,528.0
S1294,CommunicationPoint,0,0
S1295,Regular,2,8230.0
S1296,CommunicationPoint,0,0
S1297,CommunicationPoint,0,0
S1300,Regular,2,528.0
S1301,CommunicationPoint,0,0
S1302,CommunicationPoint,0,0
S1303,CommunicationPoint,0,0
S1304,Regular,3,9121.0
S1305,Regular,6,7021.83
S1306,CommunicationPoint,0,0
S1309,CommunicationPoint,0,0
S1310,Regular,2,528.0
S1311,CommunicationPoint,0,0
S1312,CommunicationPoint,0,0
S1313,CommunicationPoint,0,0
S1314,CommunicationPoint,0,0
S1315,CommunicationPoint,0,0
S1316,CommunicationPoint,0,0
S1317,CommunicationPoint,0,0
S1318,CommunicationPoint,0,0
S1319,Regular,2,659.5
S1320,Regular,2,6150.0
S1321,CommunicationPoint,0,0
S1322,CommunicationPoint,0,0
S1323,Regular,2,6490.0
S1324,Regular,2,7090.0
S1325,Regular,2,6700.0
S1326,Regular,2,6520.0
S1327,CommunicationPoint,0,0
S1328,Regular,2,528.0
S1329,CommunicationPoint,0,0
S1330,Regular,2,8290.0
S1331,CommunicationPoint,0,0
S1332,Regular,2,8210.0
S1333,Regular,2,8240.0
S1334,CommunicationPoint,0,0
S1335,CommunicationPoint,0,0
S1336,CommunicationPoint,0,0
S1337,CommunicationPoint,0,0
S1338,CommunicationPoint,0,0
S1339,CommunicationPoint,0,0
S1340,CommunicationPoint,0,0
S1341,CommunicationPoint,0,0
S1342,CommunicationPoint,0,0
S1343,Regular,2,10920.0
S1344,CommunicationPoint,0,0
S1345,CommunicationPoint,0,0
S1346,CommunicationPoint,0,0
S1347,Regular,1,3115.0
S1348,CommunicationPoint,0,0
S1349,CommunicationPoint,0,0
S1350,CommunicationPoint,0,0
S1351,Regular,3,7157.67
S1352,CommunicationPoint,0,0
S1353,CommunicationPoint,0,0
S1354,CommunicationPoint,0,0
S1355,Regular,2,8760.0
S1356,CommunicationPoint,0,0
S1357,CommunicationPoint,0,0
S1358,CommunicationPoint,0,0
S1361,Regular,2,6730.0
S1362,CommunicationPoint,0,0
S1363,CommunicationPoint,0,0
S1364,CommunicationPoint,0,0
S1365,CommunicationPoint,0,0
S1366,Regular,2,10010.0
S1367,CommunicationPoint,0,0
S1368,Regular,1,4012.0
S1369,Regular,1,369.0
S1370,CommunicationPoint,0,0
S1371,CommunicationPoint,0,0
S1372,CommunicationPoint,0,0
S1373,CommunicationPoint,0,0
S1374,CommunicationPoint,0,0
S1375,CommunicationPoint,0,0
S1376,CommunicationPoint,0,0
S1377,CommunicationPoint,0,0
S1378,CommunicationPoint,0,0
S1379,CommunicationPoint,0,0
S1380,CommunicationPoint,0,0
S1381,CommunicationPoint,0,0
S1382,Regular,4,4945.75
S1383,CommunicationPoint,0,0
S1384,CommunicationPoint,0,0
S1385,CommunicationPoint,0,0
S1386,Regular,1,528.0
S1387,CommunicationPoint,0,0
S1388,CommunicationPoint,0,0
S1389,CommunicationPoint,0,0
S1390,CommunicationPoint,0,0
S1391,CommunicationPoint,0,0
S1392,CommunicationPoint,0,0
S1393,Regular,2,12840.0
S1394,Regular,2,10960.0
S1395,Regular,2,12580.0
S1396,Regular,2,9460.0
S1397,Regular,2,12730.0
S1398,CommunicationPoint,0,0
S1399,CommunicationPoint,0,0
S1400,Regular,2,10130.0
S1401,CommunicationPoint,0,0
S1402,Regular,2,6380.0
S1403,CommunicationPoint,0,0
S1404,Regular,2,7450.0
S1405,Regular,2,9090.0
S1406,CommunicationPoint,0,0
S1407,CommunicationPoint,0,0
S1408,Regular,2,7790.0
S1409,Regular,2,6160.0
S1410,CommunicationPoint,0,0
S1411,Regular,3,528.0
S1412,Regular,2,528.0
S1413,CommunicationPoint,0,0
S1414,CommunicationPoint,0,0
S1415,CommunicationPoint,0,0
S1416,Gate,2,528.0
S1417,CommunicationPoint,0,0
S1418,Regular,2,7920.0
S1419,Gate,2,316.0
S1420,Gate,1,791.0
S1421,Regular,2,4350.0
S1422,CommunicationPoint,0,0
S1423,CommunicationPoint,0,0
S1424,CommunicationPoint,0,0
S1425,CommunicationPoint,0,0
S1426,CommunicationPoint,0,0
S1427,Regular,1,3009.0
S1428,Regular,1,2534.0
S1429,CommunicationPoint,0,0
S1430,Regular,1,528.0
S1431,CommunicationPoint,0,0
S1432,CommunicationPoint,0,0
S1433,CommunicationPoint,0,0
S1434,Regular,1,528.0
S1435,CommunicationPoint,0,0
S1436,Regular,2,15500.0
S1437,CommunicationPoint,0,0
S1438,CommunicationPoint,0,0
S1439,Regular,2,7460.0
S1440,Regular,1,6916.0
S1441,Regular,2,10610.0
S1442,Regular,1,105.0
S1443,CommunicationPoint,0,0
S1444,CommunicationPoint,0,0
S1445,CommunicationPoint,0,0
S1446,Regular,2,7370.0
S1447,Regular,2,7750.0
S1448,Regular,2,9100.0
S1449,Regular,2,7660.0
S1450,Regular,2,8950.0
S1451,Regular,2,8240.0
S1452,Regular,2,7910.0
S1453,Regular,2,7750.0
S1454,Regular,2,9500.0
S1455,Regular,2,8030.0
S1456,Regular,2,8220.0
S1457,Regular,1,528.0
S1458,CommunicationPoint,0,0
S1459,Regular,2,7730.0
S1460,Regular,2,9220.0
S1461,Regular,3,5156.0
S1462,Regular,2,7260.0
S1463,Regular,2,9170.0
S1464,Regular,2,9180.0
S1465,Regular,1,28459.0
S1466,CommunicationPoint,0,0
S1467,Regular,2,11760.0
S1468,CommunicationPoint,0,0
S1469,CommunicationPoint,0,0
S1470,CommunicationPoint,0,0
S1471,Regular,2,12290.0
S1472,CommunicationPoint,0,0
S1473,CommunicationPoint,0,0
S1474,CommunicationPoint,0,0
S1475,CommunicationPoint,0,0
S1476,CommunicationPoint,0,0
S1477,CommunicationPoint,0,0
S1478,CommunicationPoint,0,0
S1479,CommunicationPoint,0,0
S1480,CommunicationPoint,0,0
S1481,CommunicationPoint,0,0
S1482,CommunicationPoint,0,0
S1483,CommunicationPoint,0,0
S1484,Regular,1,528.0
S1485,CommunicationPoint,0,0
S1486,CommunicationPoint,0,0
S1487,CommunicationPoint,0,0
S1488,CommunicationPoint,0,0
S1489,CommunicationPoint,0,0
S1490,CommunicationPoint,0,0
S1491,CommunicationPoint,0,0
S1492,Regular,3,9180.0
S1493,CommunicationPoint,0,0
S1494,CommunicationPoint,0,0
S1495,Regular,2,5820.0
S1496,Regular,2,9840.0
S1497,Regular,1,7770.0
S1498,CommunicationPoint,0,0
S1499,CommunicationPoint,0,0
S1500,CommunicationPoint,0,0
S1501,CommunicationPoint,0,0
S1502,Regular,1,11350.0
S1503,Regular,1,9590.0
S1504,CommunicationPoint,0,0
S1505,CommunicationPoint,0,0
S1506,Regular,2,8210.0
S1507,CommunicationPoint,0,0
S1508,CommunicationPoint,0,0
S1509,CommunicationPoint,0,0
S1510,Regular,1,9500.0
S1511,Regular,1,8010.0
S1512,CommunicationPoint,0,0
S1513,CommunicationPoint,0,0
S1514,CommunicationPoint,0,0
S1515,Regular,1,8150.0
S1516,Regular,1,11650.0
S1517,CommunicationPoint,0,0
S1518,Gate,1,3062.0
S1519,Gate,1,686.0
S1520,CommunicationPoint,0,0
S1521,Gate,2,422.0
S1522,Gate,1,1847.0
S1523,Gate,1,1847.0
S1524,CommunicationPoint,0,0
S1525,CommunicationPoint,0,0
S1526,Regular,2,8890.0
S1527,Regular,2,7490.0
S1528,Regular,2,9360.0
S1529,Regular,2,8540.0
S1530,Regular,2,8380.0
S1531,CommunicationPoint,0,0
S1532,CommunicationPoint,0,0
S1533,Gate,9,498.67
S1534,Gate,14,509.0
S1535,Gate,2,528.0
S1536,CommunicationPoint,0,0
S1538,Regular,2,9360.0
S1539,Regular,2,7400.0
S1540,Regular,2,8920.0
S1541,CommunicationPoint,0,0
S1542,CommunicationPoint,0,0
S1543,CommunicationPoint,0,0
S1544,Gate,1,528.0
S1545,Gate,1,528.0
S1546,CommunicationPoint,0,0
S1547,CommunicationPoint,0,0
S1548,CommunicationPoint,0,0
S1549,CommunicationPoint,0,0
S1550,CommunicationPoint,0,0
S1551,CommunicationPoint,0,0
S1552,CommunicationPoint,0,0
S1553,CommunicationPoint,0,0
S1554,CommunicationPoint,0,0
S1555,CommunicationPoint,0,0
S1556,Regular,1,6560.0
S1557,Regular,1,8790.0
S1558,Regular,1,9350.0
S1559,CommunicationPoint,0,0
S1560,CommunicationPoint,0,0
S1561,Regular,1,23442.0
S1562,CommunicationPoint,0,0
S1563,CommunicationPoint,0,0
S1564,CommunicationPoint,0,0
S1565,Regular,1,633.0
S1566,CommunicationPoint,0,0
S1567,CommunicationPoint,0,0
S1568,CommunicationPoint,0,0
S1569,CommunicationPoint,0,0
S1570,CommunicationPoint,0,0
S1571,CommunicationPoint,0,0
S1572,CommunicationPoint,0,0
S1573,CommunicationPoint,0,0
S1574,CommunicationPoint,0,0
S1575,CommunicationPoint,0,0
S1576,CommunicationPoint,0,0
S1577,CommunicationPoint,0,0
S1578,CommunicationPoint,0,0
S1579,CommunicationPoint,0,0
S1580,CommunicationPoint,0,0
S1581,CommunicationPoint,0,0
S1582,CommunicationPoint,0,0
S1583,CommunicationPoint,0,0
S1584,CommunicationPoint,0,0
S1585,CommunicationPoint,0,0
S1586,Regular,1,528.0
S1587,CommunicationPoint,0,0
S1588,CommunicationPoint,0,0
S1589,CommunicationPoint,0,0
S1590,CommunicationPoint,0,0
S1591,CommunicationPoint,0,0
S1592,Regular,3,528.0
S1594,Regular,2,1.0
S1595,CommunicationPoint,0,0
S1596,CommunicationPoint,0,0
S1597,CommunicationPoint,0,0
S1598,CommunicationPoint,0,0
S1599,CommunicationPoint,0,0
S1600,CommunicationPoint,0,0
S1601,CommunicationPoint,0,0
S1602,Regular,1,528.0
S1603,Regular,1,528.0
S1604,CommunicationPoint,0,0
S1605,Gate,2,8250.0
S1606,CommunicationPoint,0,0
S1607,CommunicationPoint,0,0
S1610,CommunicationPoint,0,0
S1613,CommunicationPoint,0,0
S1615,Gate,2,5930.0
S1616,Regular,2,6310.0
S1617,Regular,2,6040.0
S1618,Regular,2,14840.0
S1619,Regular,2,15630.0
S1620,Regular,2,10810.0
S1621,Regular,2,5890.0
S1622,Regular,2,15330.0
S1623,CommunicationPoint,0,0
S1625,Regular,1,580.0
S1627,Gate,1,4910.0
S1628,CommunicationPoint,0,0
S1629,CommunicationPoint,0,0
S1630,Gate,1,51057.0
S1631,Regular,1,528.0
S1632,Regular,2,5750.0
S1633,Regular,2,528.0
S1634,CommunicationPoint,0,0
S1635,CommunicationPoint,0,0
S1636,Regular,2,6130.0
S1637,Regular,2,7440.0
S1638,Regular,2,6200.0
S1639,Regular,2,9290.0
S1640,Regular,1,528.0
S1641,Regular,2,4701.0
S1642,Regular,2,10440.0
S1643,CommunicationPoint,0,0
S1644,Regular,1,52.0
S1645,CommunicationPoint,0,0
S1646,CommunicationPoint,0,0
S1647,CommunicationPoint,0,0
S1648,Regular,2,9270.0
S1649,Gate,2,9230.0
S1650,CommunicationPoint,0,0
S1651,CommunicationPoint,0,0
S1652,CommunicationPoint,0,0
S1653,Gate,3,1038.0
S1654,CommunicationPoint,0,0
S1655,Regular,1,1425.0
S1656,CommunicationPoint,0,0
S1657,CommunicationPoint,0,0
S1658,CommunicationPoint,0,0
S1659,CommunicationPoint,0,0
S1660,CommunicationPoint,0,0
S1661,CommunicationPoint,0,0
S1662,CommunicationPoint,0,0
S1663,CommunicationPoint,0,0
S1664,CommunicationPoint,0,0
S1665,CommunicationPoint,0,0
S1666,CommunicationPoint,0,0
S1667,CommunicationPoint,0,0
S1668,CommunicationPoint,0,0
S1669,CommunicationPoint,0,0
S1670,CommunicationPoint,0,0
S1671,CommunicationPoint,0,0
S1672,CommunicationPoint,0,0
S1673,CommunicationPoint,0,0
S1674,Regular,1,528.0
S1675,CommunicationPoint,0,0
S1677,Gate,5,1267.2
S1679,Regular,1,211.0
S1680,Regular,2,6990.0
S1681,Regular,2,7290.0
S1682,Regular,2,5760.0
S1683,Regular,2,6507.0
S1684,Regular,2,5610.0
S1685,Regular,2,6735.0
S1686,Regular,2,8340.0
S1687,Regular,2,9300.0
S1688,Regular,2,5710.0
S1689,Regular,2,7100.0
S1690,Regular,2,9045.0
S1691,Regular,2,8320.0
S1692,Regular,2,7840.0
S1693,Regular,2,7070.0
S1694,Regular,2,5600.0
S1695,Regular,2,6000.0
S1696,Regular,2,6730.0
S1697,Regular,2,4915.0
S1698,Regular,2,8525.0
S1699,Regular,2,7690.0
S1700,Regular,4,9080.25
S1701,Regular,2,7787.0
S1702,Regular,2,7440.0
S1703,Regular,2,5170.0
S1704,Regular,2,7470.0
S1705,Regular,1,528.0
S1706,Regular,2,6210.0
S1707,Regular,2,3910.0
S1708,Gate,1,528.0
S1709,Regular,2,7980.0
S1710,Regular,2,7360.0
S1711,CommunicationPoint,0,0
S1712,Regular,2,6770.0
S1713,Gate,1,11352.0
S1714,Regular,2,5016.5
S1715,Regular,2,6806.0
S1716,Regular,2,6260.0
S1717,Regular,2,5776.0
S1718,Regular,2,6125.5
S1719,Regular,2,7060.0
S1720,Regular,1,528.0
S1721,Regular,2,5844.0
S1722,Regular,2,8223.0
S1723,Regular,2,6115.5
S1724,Regular,2,7650.0
S1725,Regular,2,6248.5
S1726,Regular,2,4644.5
S1727,Regular,2,4333.0
S1728,Regular,2,12134.0
S1729,Regular,2,5139.0
S1730,Regular,1,528.0
S1731,CommunicationPoint,0,0
S1732,Regular,2,528.0
S1733,Regular,2,5080.0
S1734,Regular,2,4015.0
S1735,Regular,4,6425.0
S1736,Regular,2,7572.0
S1737,Gate,3,528.0
S1738,CommunicationPoint,0,0
S1739,Gate,2,1.0
S1740,Gate,2,8051.5
S1741,CommunicationPoint,0,0
S1742,Gate,1,528.0
S1743,Gate,1,528.0
S1744,Regular,2,7338.0
S1745,Regular,2,6840.5
S1746,Regular,2,6285.5
S1747,Regular,2,6960.0
S1748,Regular,2,7596.5
S1749,Regular,2,4492.5
S1750,Regular,2,6080.0
S1751,Regular,2,10160.0
S1752,Regular,2,7520.0
S1753,Regular,2,6880.0
S1754,Regular,2,6084.5
S1755,Regular,2,5469.0
S1756,Regular,2,7733.0
S1757,Regular,2,7157.5
S1758,Regular,2,5859.0
S1759,Regular,2,7830.0
S1760,Regular,2,7050.0
S1761,Regular,2,6069.5
S1762,Regular,2,6020.0
S1763,Regular,2,6008.0
S1764,Regular,2,6380.0
S1765,Regular,2,6210.0
S1766,Regular,2,5946.5
S1767,Regular,3,37581.33
S1768,Regular,4,8647.25
S1769,Regular,2,10722.5
S1770,Regular,2,6469.0
S1771,CommunicationPoint,0,0
S1772,CommunicationPoint,0,0
S1773,Regular,1,528.0
S1774,Regular,3,5190.0
S1775,Regular,3,7910.0
S1776,Regular,3,7800.0
S1777,Regular,1,27191.0
S1778,Regular,2,528.0
S1779,Gate,1,528.0
S1781,CommunicationPoint,0,0
S1782,CommunicationPoint,0,0
S1783,CommunicationPoint,0,0
S1784,CommunicationPoint,0,0
S1785,CommunicationPoint,0,0
S1786,CommunicationPoint,0,0
S1787,CommunicationPoint,0,0
S1788,Regular,2,19110.0
S1789,Regular,2,8180.0
S1790,Regular,2,8590.0
S1791,Regular,1,528.0
S1792,Regular,1,422.0
S1793,Regular,1,8976.0
S1794,Regular,2,528.0
S1795,Regular,2,7440.0
S1796,Regular,1,1953.0
S1797,Regular,1,528.0
S1798,Regular,1,528.0
S1799,Regular,1,528.0
S1800,Regular,2,9650.0
S1801,CommunicationPoint,0,0
S1802,Regular,3,1742.67
S1803,Regular,2,7440.0
S1804,Regular,2,12010.0
S1805,Regular,16,2869.31
S1806,Regular,1,528.0
S1808,Regular,3,352.33
S1809,CommunicationPoint,0,0
S1810,CommunicationPoint,0,0
S1811,Regular,4,528.0
S1812,Regular,1,528.0
S1813,Regular,2,528.0
S1814,Regular,2,528.0
S1815,CommunicationPoint,0,0
S1816,CommunicationPoint,0,0
S1817,Regular,2,10150.0
S1818,CommunicationPoint,0,0
S1819,Regular,12,2908.67
S1820,Regular,2,15580.0
S1821,Regular,7,2856.14
S1822,Regular,2,554.0
S1823,Regular,3,10176.0
S1824,CommunicationPoint,0,0
S1825,Regular,2,14990.0
S1826,Regular,2,528.0
S1827,Gate,1,2.0
S1828,Regular,1,528.0
S1829,CommunicationPoint,0,0
S1830,CommunicationPoint,0,0
S1831,Regular,2,23720.0
S1832,Regular,2,15000.0
S1833,Regular,3,7193.33
S1834,CommunicationPoint,0,0
S1835,CommunicationPoint,0,0
S1836,Gate,1,1953.0
S1837,Regular,2,15000.0
S1838,Regular,1,528.0
S1839,Regular,2,8280.0
S1841,Regular,2,16340.0
S1842,Regular,2,8900.0
S1843,Regular,2,8970.0
S1844,Regular,2,7390.0
S1845,CommunicationPoint,0,0
S1846,Regular,2,8860.0
S1847,Regular,2,9451.0
S1848,Regular,2,13630.0
S1849,Regular,2,15000.0
S1850,Regular,2,8980.0
S1851,Regular,2,6580.0
S1853,Regular,9,4654.67
S1854,Regular,1,528.0
S1855,CommunicationPoint,0,0
S1856,Regular,2,1807.5
S1857,Gate,1,6441.0
S1858,Gate,1,6441.0
S1859,Regular,2,1.0
S1862,Regular,1,1.0
S1863,Regular,2,9590.0
S1864,Regular,2,14040.0
S1865,Regular,1,9345.0
S1866,Regular,1,6283.0
S1867,Regular,2,15201.5
S1868,Regular,1,528.0
S1869,CommunicationPoint,0,0
S1870,CommunicationPoint,0,0
S1871,Regular,2,10340.0
S1872,Regular,4,833.5
S1873,CommunicationPoint,0,0
S1874,CommunicationPoint,0,0
S1875,Regular,3,510.33
S1876,Regular,6,2938.67
S1877,CommunicationPoint,0,0
S1878,CommunicationPoint,0,0
S1879,Regular,2,13980.0
S1880,Regular,1,8620.0
S1881,Regular,2,7840.0
S1882,Regular,1,528.0
S1883,Regular,2,528.0
S1884,Gate,3,4206.33
S1885,CommunicationPoint,0,0
S1886,CommunicationPoint,0,0
S1887,Regular,8,4991.88
S1888,Regular,2,6243.5
S1889,CommunicationPoint,0,0
S1890,CommunicationPoint,0,0
S1891,CommunicationPoint,0,0
S1892,CommunicationPoint,0,0
S1893,CommunicationPoint,0,0
S1894,CommunicationPoint,0,0
S1895,CommunicationPoint,0,0
S1896,CommunicationPoint,0,0
S1897,Regular,2,9790.0
S1898,Regular,2,10760.0
S1899,CommunicationPoint,0,0
S1900,CommunicationPoint,0,0
S1901,Gate,4,528.0
S1902,CommunicationPoint,0,0
S1903,CommunicationPoint,0,0
S1904,CommunicationPoint,0,0
S1906,Regular,2,9700.0
S1907,Regular,2,10200.0
S1908,Regular,2,11380.0
S1909,Regular,2,2191.0
S1910,CommunicationPoint,0,0
S1911,CommunicationPoint,0,0
S1912,CommunicationPoint,0,0
S1913,CommunicationPoint,0,0
S1914,CommunicationPoint,0,0
S1915,CommunicationPoint,0,0
S1916,Regular,4,791.75
S1919,Regular,8,3801.25
S1920,CommunicationPoint,0,0
S1921,Regular,2,9900.0
S1922,Regular,6,2813.17
S1923,Regular,1,528.0
S1924,Regular,1,528.0
S1925,CommunicationPoint,0,0
S1926,Regular,14,520.43
S1927,Regular,1,528.0
S1928,CommunicationPoint,0,0
S1929,CommunicationPoint,0,0
S1930,Regular,2,14970.0
S1932,Regular,4,5820.75
S1934,Regular,6,264.83
S1935,Regular,1,528.0
S1936,Regular,7,6518.86
S1937,Regular,4,950.25
S1938,CommunicationPoint,0,0
S1939,CommunicationPoint,0,0
S1940,Regular,1,3432.0
S1941,Regular,2,184.5
S1942,CommunicationPoint,0,0
S1943,CommunicationPoint,0,0
S1944,Gate,1,1.0
S1945,Regular,4,7537.0
S1946,CommunicationPoint,0,0
S1947,Gate,1,34953.0
S1948,Regular,4,383.0
S1949,Regular,3,528.0
S1950,CommunicationPoint,0,0
S1951,Regular,8,507.88
S1952,Gate,3,1742.33
S1953,CommunicationPoint,0,0
S1956,Regular,2,528.0
S1957,Regular,1,475.0
S1958,Regular,1,1.0
S1959,Regular,6,2305.5
S1960,Regular,1,580.0
S1961,Regular,1,528.0
S1962,Regular,1,528.0
S1963,Regular,5,454.2
S1965,Regular,4,5476.5
S1966,CommunicationPoint,0,0
S1967,Gate,1,2.0
S1968,CommunicationPoint,0,0
S1969,CommunicationPoint,0,0
S1970,Gate,1,211.0
S1971,Regular,4,4620.25
S1972,CommunicationPoint,0,0
S1973,CommunicationPoint,0,0
S1974,Regular,4,528.0
S1976,Regular,3,5922.67
S1977,Regular,1,528.0
S1979,CommunicationPoint,0,0
S1980,CommunicationPoint,0,0
S1981,CommunicationPoint,0,0
S1982,Regular,3,528.0
S1983,Regular,1,17159.0
S1984,Regular,3,528.0
S1985,CommunicationPoint,0,0
S1986,CommunicationPoint,0,0
S1987,Regular,1,528.0
S1988,Regular,2,15780.0
S1989,Regular,6,4601.0
S1990,Regular,3,10289.33
S1991,Regular,1,528.0
S1992,Regular,4,24614.75
S1993,Regular,2,15490.0
S1994,CommunicationPoint,0,0
S1995,Regular,2,528.0
S1997,Regular,2,7239.5
S1998,CommunicationPoint,0,0
S1999,CommunicationPoint,0,0
S2000,CommunicationPoint,0,0
S2001,Regular,3,6202.67
S2003,Regular,1,528.0
S2004,CommunicationPoint,0,0
S2005,Regular,1,528.0
S2006,CommunicationPoint,0,0
S2007,CommunicationPoint,0,0
S2008,Regular,2,14480.0
S2009,Regular,2,4590.0
S2010,Gate,2,15330.0
S2011,Regular,2,8690.0
S2012,Gate,2,528.0
S2013,Regular,3,4828.0
S2014,Regular,3,9820.33
S2016,Regular,2,8870.0
S2017,CommunicationPoint,0,0
S2019,Regular,2,4963.0
S2020,CommunicationPoint,0,0
S2021,Regular,2,7310.0
S2024,Gate,1,1953.0
S2025,Regular,2,528.0
S2026,Regular,2,528.0
S2027,Regular,2,528.0
S2028,Regular,6,290.0
S2029,Regular,2,10060.0
S2030,Regular,3,6547.0
S2031,Regular,2,9010.0
S2032,CommunicationPoint,0,0
S2033,Regular,7,3465.29
S2034,Regular,1,528.0
S2035,Regular,1,528.0
S2036,CommunicationPoint,0,0
S2037,Regular,2,10620.0
S2038,Regular,1,528.0
S2039,CommunicationPoint,0,0
S2040,Regular,1,528.0
S2043,Regular,1,528.0
S2044,Regular,2,48576.0
S2045,Regular,3,6402.67
S2046,Regular,3,6300.67
S2047,Regular,3,10196.0
S2048,CommunicationPoint,0,0
S2049,Regular,2,1280.0
S2050,Regular,2,580.0
S2051,Regular,1,528.0
S2052,Regular,2,316.5
S2053,Regular,2,17390.0
S2054,CommunicationPoint,0,0
S2055,Regular,1,2059.0
S2056,Regular,2,10240.0
S2057,Regular,5,3956.8
S2059,Regular,5,3595.8
S2060,CommunicationPoint,0,0
S2061,Regular,1,528.0
S2062,Regular,2,8490.0
S2063,Regular,2,10600.0
S2064,Regular,7,8165.71
S2065,Gate,1,528.0
S2066,Regular,2,9880.0
S2067,CommunicationPoint,0,0
S2068,CommunicationPoint,0,0
S2069,CommunicationPoint,0,0
S2070,Regular,2,10250.0
S2071,CommunicationPoint,0,0
S2072,CommunicationPoint,0,0
S2073,CommunicationPoint,0,0
S2074,Regular,1,211.0
S2075,CommunicationPoint,0,0
S2077,Regular,1,528.0
S2078,CommunicationPoint,0,0
S2079,CommunicationPoint,0,0
S2080,CommunicationPoint,0,0
S2081,CommunicationPoint,0,0
S2082,CommunicationPoint,0,0
S2083,CommunicationPoint,0,0
S2084,Regular,4,7644.5
S2085,CommunicationPoint,0,0
S2086,Gate,1,1847.0
S2087,CommunicationPoint,0,0
S2088,CommunicationPoint,0,0
S2089,Regular,2,1214.0
S2090,Regular,3,352.33
S2091,Regular,1,1.0
S2092,Regular,1,528.0
S2093,Regular,2,12840.5
S2094,Regular,1,528.0
S2095,Regular,1,528.0
S2096,Regular,1,528.0
S2097,CommunicationPoint,0,0
S2098,CommunicationPoint,0,0
S2099,Regular,1,528.0
S2100,Regular,1,528.0
S2101,Regular,1,158.0
S2103,CommunicationPoint,0,0
S2104,Regular,2,10120.0
S2105,Regular,2,10180.0
S2106,Regular,5,4156.8
S2107,Regular,2,15560.0
S2108,Regular,2,10640.0
S2109,Regular,1,528.0
S2110,Gate,1,39283.0
S2111,Regular,1,3960.0
S2112,Regular,1,4382.0
S2113,Regular,1,528.0
S2114,Regular,1,528.0
S2115,Regular,1,528.0
S2116,Regular,2,9910.0
S2117,CommunicationPoint,0,0
S2118,Regular,2,9190.0
S2119,Regular,1,528.0
S2120,CommunicationPoint,0,0
S2121,CommunicationPoint,0,0
S2122,CommunicationPoint,0,0
S2123,Regular,2,5170.0
S2126,CommunicationPoint,0,0
S2127,CommunicationPoint,0,0
S2128,CommunicationPoint,0,0
S2129,Regular,2,10400.0
S2130,CommunicationPoint,0,0
S2131,CommunicationPoint,0,0
S2132,CommunicationPoint,0,0
S2133,Gate,1,58185.0
S2134,Regular,1,528.0
S2135,Regular,2,1.0
S2136,CommunicationPoint,0,0
S2137,CommunicationPoint,0,0
S2138,Regular,5,8174.0
S2139,Regular,2,9300.0
S2140,Gate,1,1847.0
S2141,CommunicationPoint,0,0
S2142,CommunicationPoint,0,0
S2143,Regular,1,528.0
S2144,CommunicationPoint,0,0
S2145,Regular,1,2323.0
S2146,Regular,2,10410.0
S2147,Regular,5,1.0
S2148,Gate,3,1.0
S2151,CommunicationPoint,0,0
S2152,CommunicationPoint,0,0
S2153,Regular,1,528.0
S2154,Gate,2,5570.0
S2155,Regular,1,528.0
S2156,CommunicationPoint,0,0
S2157,Regular,2,10230.0
S2158,CommunicationPoint,0,0
S2159,Gate,1,40392.0
S2160,CommunicationPoint,0,0
S2161,CommunicationPoint,0,0
S2162,Regular,1,528.0
S2163,CommunicationPoint,0,0
S2164,CommunicationPoint,0,0
S2165,Regular,6,6231.67
S2166,CommunicationPoint,0,0
S2167,CommunicationPoint,0,0
S2168,Regular,1,528.0
S2169,Regular,1,528.0
S2170,Regular,3,41202.67
S2171,Regular,2,8160.0
S2172,Regular,2,6520.5
S2173,Regular,1,316.0
S2174,Regular,1,1.0
S2175,Gate,4,52.0
S2176,Regular,4,5949.0
S2178,CommunicationPoint,0,0
S2179,CommunicationPoint,0,0
S2180,Regular,2,12120.0
S2183,Regular,1,528.0
S2184,Regular,1,528.0
S2185,CommunicationPoint,0,0
S2188,Regular,2,9520.0
S2189,Gate,1,264.0
S2190,Regular,1,528.0
S2191,CommunicationPoint,0,0
S2192,Regular,1,528.0
S2193,Regular,1,528.0
S2194,Regular,2,9380.0
S2195,CommunicationPoint,0,0
S2196,CommunicationPoint,0,0
S2197,CommunicationPoint,0,0
S2198,CommunicationPoint,0,0
S2199,Regular,1,528.0
S2201,Regular,3,528.0
S2202,Regular,1,528.0
S2204,Regular,1,528.0
S2205,CommunicationPoint,0,0
S2206,Regular,2,10230.0
S2207,Regular,2,10540.0
S2209,Regular,1,528.0
S2212,Regular,2,369.5
S2213,CommunicationPoint,0,0
S2214,CommunicationPoint,0,0
S2215,Regular,1,528.0
S2216,CommunicationPoint,0,0
S2217,Regular,1,528.0
S2218,Regular,1,528.0
S2219,Regular,2,9200.0
S2220,Regular,1,580.0
S2221,Regular,4,6960.0
S2222,Regular,4,7500.0
S2225,CommunicationPoint,0,0
S2226,CommunicationPoint,0,0
S2227,CommunicationPoint,0,0
S2228,Regular,1,528.0
S2229,CommunicationPoint,0,0
S2230,CommunicationPoint,0,0
S2231,Regular,3,6587.0
S2232,Regular,3,6342.67
S2233,CommunicationPoint,0,0
S2234,CommunicationPoint,0,0
S2235,CommunicationPoint,0,0
S2236,Gate,13,1497.54
S2237,CommunicationPoint,0,0
S2238,CommunicationPoint,0,0
S2239,CommunicationPoint,0,0
S2241,Regular,1,528.0
S2242,Regular,2,9970.0
S2244,Regular,1,528.0
S2245,CommunicationPoint,0,0
S2247,Regular,1,528.0
S2248,Regular,1,528.0
S2250,Gate,1,28459.0
S2251,Regular,1,528.0
S2252,Regular,1,528.0
S2253,CommunicationPoint,0,0
S2254,Regular,2,10400.0
S2256,CommunicationPoint,0,0
S2257,Regular,1,528.0
S2258,Regular,1,528.0
S2259,Gate,2,59610.5
S2260,CommunicationPoint,0,0
S2261,Regular,2,11100.0
S2262,CommunicationPoint,0,0
S2263,CommunicationPoint,0,0
S2265,Gate,3,6893.67
S2267,CommunicationPoint,0,0
S2268,CommunicationPoint,0,0
S2269,CommunicationPoint,0,0
S2270,Regular,1,528.0
S2271,Regular,3,5156.0
S2275,Regular,1,528.0
S2276,Regular,1,528.0
S2277,CommunicationPoint,0,0
S2278,Regular,1,528.0
S2279,Regular,1,528.0
S2280,Regular,1,528.0
S2282,CommunicationPoint,0,0
S2283,Regular,3,9516.0
S2284,CommunicationPoint,0,0
S2285,Regular,1,158.0
S2286,Regular,1,528.0
S2287,Regular,1,528.0
S2288,Regular,1,528.0
S2291,CommunicationPoint,0,0
S2292,CommunicationPoint,0,0
S2293,CommunicationPoint,0,0
S2294,Regular,1,528.0
S2295,Regular,3,4635.33
S2297,CommunicationPoint,0,0
S2298,Regular,1,528.0
S2299,Regular,1,528.0
S2300,Regular,1,3748.0
S2301,Gate,1,1.0
S2302,Regular,1,633.0
S2303,Regular,2,16210.0
S2305,Regular,1,29726.0
S2306,Regular,2,10260.0
S2308,Gate,1,13516.0
S2309,Regular,1,528.0
S2310,Regular,1,528.0
S2311,Regular,7,167381.14
S2312,Regular,1,528.0
S2313,Regular,2,10760.0
S2314,CommunicationPoint,0,0
S2315,Gate,3,19724.0
S2316,Regular,2,9990.0
S2317,Regular,1,528.0
S2318,Regular,4,12585.0
S2321,CommunicationPoint,0,0
S2322,Regular,2,14990.0
S2323,Regular,2,9010.0
S2324,Regular,1,528.0
S2325,CommunicationPoint,0,0
S2326,Regular,2,8120.0
S2327,CommunicationPoint,0,0
S2328,CommunicationPoint,0,0
S2329,Regular,2,10388.0
S2330,Regular,2,5770.0
S2331,Regular,2,7770.0
S2332,Regular,2,10470.0
S2333,Regular,2,9910.0
S2334,Gate,1,1.0
S2335,Regular,2,10490.0
S2336,CommunicationPoint,0,0
S2337,CommunicationPoint,0,0
S2338,CommunicationPoint,0,0
S2339,CommunicationPoint,0,0
S2340,Regular,1,528.0
S2341,CommunicationPoint,0,0
S2342,CommunicationPoint,0,0
S2343,CommunicationPoint,0,0
S2344,CommunicationPoint,0,0
S2345,CommunicationPoint,0,0
S2346,CommunicationPoint,0,0
S2347,CommunicationPoint,0,0
S2348,CommunicationPoint,0,0
S2349,CommunicationPoint,0,0
S2350,CommunicationPoint,0,0
S2351,CommunicationPoint,0,0
S2352,Regular,2,6310.0
S2353,Regular,2,9880.0
S2354,Regular,2,9202.0
S2355,Regular,2,4840.0
S2356,Regular,1,528.0
S2357,Regular,2,4930.0
S2358,Regular,2,6370.0
S2359,Regular,2,4270.0
S2360,Gate,1,31574.0
S2361,Regular,2,4302.0
S2362,Regular,2,4912.0
S2363,Regular,2,4147.5
S2364,Regular,2,4286.0
S2365,Regular,2,4277.0
S2366,Regular,2,6480.0
S2367,CommunicationPoint,0,0
S2368,Regular,2,4328.0
S2369,CommunicationPoint,0,0
S2370,Regular,2,528.0
S2371,CommunicationPoint,0,0
S2372,Regular,2,8290.0
S2373,Regular,2,8380.0
S2374,Regular,2,8090.0
S2375,Regular,2,8210.0
S2376,CommunicationPoint,0,0
S2377,Regular,2,8300.0
S2378,Regular,2,8160.0
S2379,CommunicationPoint,0,0
S2380,Regular,1,528.0
S2381,CommunicationPoint,0,0
S2382,CommunicationPoint,0,0
S2383,CommunicationPoint,0,0
S2384,Regular,2,9990.0
S2385,CommunicationPoint,0,0
S2386,CommunicationPoint,0,0
S2387,CommunicationPoint,0,0
S2388,CommunicationPoint,0,0
S2389,CommunicationPoint,0,0
S2390,CommunicationPoint,0,0
S2391,CommunicationPoint,0,0
S2392,Regular,2,8045.0
S2393,Regular,2,8564.0
S2394,Regular,2,7700.0
S2395,Regular,2,9880.0
S2396,CommunicationPoint,0,0
S2397,CommunicationPoint,0,0
S2398,CommunicationPoint,0,0
S2399,CommunicationPoint,0,0
S2400,Regular,1,2164.0
S2401,Regular,1,264.0
S2402,CommunicationPoint,0,0
S2403,CommunicationPoint,0,0
S2404,CommunicationPoint,0,0
S2405,CommunicationPoint,0,0
S2406,CommunicationPoint,0,0
S2407,CommunicationPoint,0,0
S2408,CommunicationPoint,0,0
S2409,Regular,2,19320.0
S2410,Regular,2,8820.0
S2411,Regular,5,528.0
S2412,CommunicationPoint,0,0
S2413,Regular,2,9270.0
S2414,Regular,2,9630.0
S2415,Regular,2,8360.0
S2416,CommunicationPoint,0,0
S2417,CommunicationPoint,0,0
S2418,Regular,2,8970.0
S2419,Regular,2,9010.0
S2420,Regular,2,8960.0
S2421,Regular,2,9020.0
S2422,Regular,2,8850.0
S2423,CommunicationPoint,0,0
S2424,CommunicationPoint,0,0
S2425,Regular,2,9390.0
S2426,Regular,2,7950.0
S2427,Regular,2,8020.0
S2428,Regular,2,9550.0
S2429,CommunicationPoint,0,0
S2430,Regular,2,8820.0
S2431,Regular,2,7160.0
S2435,Regular,2,10250.0
S2436,Regular,2,7790.0
S2437,Regular,2,8080.0
S2438,Regular,2,5265.5
S2439,CommunicationPoint,0,0
S2440,Regular,2,11074.0
S2441,Regular,2,6030.0
S2442,Regular,2,6260.0
S2443,Regular,2,9129.0
S2444,Regular,2,6230.0
S2445,Regular,2,6210.0
S2446,Regular,2,8760.0
S2447,CommunicationPoint,0,0
S2448,Regular,2,8280.0
S2449,Regular,2,6210.0
S2450,Regular,2,6070.0
S2451,Regular,2,8550.0
S2452,Regular,2,9490.0
S2453,Regular,2,4880.0
S2454,Regular,2,7300.0
S2455,Regular,2,7320.0
S2456,Regular,2,4990.0
S2457,Regular,2,7630.0
S2458,Regular,2,8490.0
S2459,Regular,2,7340.0
S2460,CommunicationPoint,0,0
S2461,CommunicationPoint,0,0
S2462,Gate,2,1320.0
S2463,CommunicationPoint,0,0
S2464,Gate,1,26875.0
S2465,CommunicationPoint,0,0
S2466,Regular,1,528.0
S2467,Regular,2,13493.0
S2468,Regular,2,7260.0
S2469,Regular,2,7910.0
S2470,Regular,2,7000.0
S2471,Regular,2,9930.0
S2472,Regular,2,8610.0
S2473,Regular,2,8110.0
S2474,Regular,2,8860.0
S2475,CommunicationPoint,0,0
S2476,CommunicationPoint,0,0
S2477,CommunicationPoint,0,0
S2478,Regular,2,8280.0
S2479,Regular,2,8080.0
S2480,Regular,2,8790.0
S2481,Gate,1,1.0
S2482,Regular,1,528.0
S2483,Regular,1,5830.0
S2484,Regular,1,7630.0
S2485,Regular,2,8300.0
S2486,Regular,1,528.0
S2487,Regular,1,4730.0
S2488,Regular,2,8460.0
S2489,Regular,1,4220.0
S2490,Regular,2,9000.0
S2491,Regular,1,4350.0
S2492,Gate,1,528.0
S2493,Regular,2,11870.0
S2494,Regular,2,9040.0
S2495,Regular,2,10670.0
S2496,Regular,2,10970.0
S2497,CommunicationPoint,0,0
S2498,CommunicationPoint,0,0
S2499,Regular,2,11840.0
S2500,Regular,2,10973.0
S2501,Regular,2,8100.0
S2502,Regular,2,7240.0
S2503,Regular,2,11900.0
S2504,Regular,2,7580.0
S2505,Regular,2,5700.0
S2506,Regular,2,15130.0
S2507,Regular,2,9570.0
S2508,Regular,2,6810.0
S2509,Regular,2,15300.0
S2510,Regular,2,9670.0
S2511,Regular,2,14200.0
S2512,Regular,2,9340.0
S2513,Regular,2,11200.0
S2514,Regular,2,14990.0
S2515,Regular,2,6770.0
S2516,Regular,2,17240.0
S2517,Regular,2,11450.0
S2518,Regular,2,7980.0
S2519,CommunicationPoint,0,0
S2520,CommunicationPoint,0,0
S2521,CommunicationPoint,0,0
S2522,CommunicationPoint,0,0
S2523,CommunicationPoint,0,0
S2524,CommunicationPoint,0,0
S2525,CommunicationPoint,0,0
S2526,CommunicationPoint,0,0
S2527,Regular,2,7310.0
S2528,Regular,4,5136.5
S2529,Regular,1,528.0
S2530,Regular,2,7210.0
S2531,Regular,2,13940.0
S2532,Regular,2,15730.0
S2533,Regular,2,15120.0
S2534,Regular,2,7620.0
S2535,Regular,2,8420.0
S2536,Regular,2,9400.0
S2537,Regular,2,7430.0
S2538,Regular,2,8550.0
S2539,Regular,2,7750.0
S2540,Regular,2,8540.0
S2541,Regular,2,8560.0
S2542,Regular,2,7560.0
S2543,Regular,2,8290.0
S2544,CommunicationPoint,0,0
S2545,Regular,2,10470.0
S2546,Regular,2,9190.0
S2547,CommunicationPoint,0,0
S2548,Regular,2,7590.0
S2549,Regular,2,8280.0
S2550,CommunicationPoint,0,0
S2551,CommunicationPoint,0,0
S2552,CommunicationPoint,0,0
S2553,CommunicationPoint,0,0
S2554,Regular,2,9900.0
S2555,Regular,2,8090.0
S2556,Regular,2,7380.0
S2557,Regular,2,7390.0
S2558,Regular,2,8510.0
S2559,Regular,3,8042.67
S2560,Regular,2,7440.0
S2561,CommunicationPoint,0,0
S2562,Regular,2,8260.0
S2563,Regular,2,7790.0
S2564,Gate,1,153014.0
S2565,Regular,2,10420.0
S2566,Regular,2,5710.0
S2567,Regular,2,15590.0
S2568,Regular,2,7780.0
S2569,Regular,2,7830.0
S2570,Regular,2,8300.0
S2571,Regular,2,15540.0
S2572,CommunicationPoint,0,0
S2573,Regular,2,7810.0
S2574,CommunicationPoint,0,0
S2575,CommunicationPoint,0,0
S2576,Regular,2,15060.0
S2577,CommunicationPoint,0,0
S2578,Regular,2,16380.0
S2580,CommunicationPoint,0,0
S2581,CommunicationPoint,0,0
S2582,CommunicationPoint,0,0
S2583,Regular,2,528.0
S2584,CommunicationPoint,0,0
S2585,Regular,2,7860.0
S2586,Regular,2,8010.0
S2587,Regular,2,9910.0
S2588,Regular,2,9910.0
S2589,Regular,2,7550.0
S2590,Regular,1,528.0
S2591,Regular,2,9690.0
S2592,Regular,2,12690.0
S2593,Regular,2,9000.0
S2594,Regular,2,11510.0
S2595,Regular,2,8060.0
S2596,Regular,2,1.0
S2597,Regular,2,9640.0
S2598,Regular,2,8510.0
S2599,Regular,2,8970.0
S2600,Regular,2,8750.0
S2601,Regular,2,8900.0
S2602,Regular,2,8530.0
S2603,Regular,2,11570.0
S2604,Regular,1,528.0
S2605,Regular,1,528.0
S2606,Regular,1,1.0
S2607,Regular,1,2428.0
S2608,Regular,2,7380.0
S2609,Regular,1,1.0
S2610,Regular,2,8390.0
S2611,CommunicationPoint,0,0
S2612,CommunicationPoint,0,0
S2613,CommunicationPoint,0,0
S2614,Regular,1,1.0
S2615,Regular,1,528.0
S2616,Regular,3,5382.67
S2617,Regular,1,528.0
S2618,Regular,2,264.5
S2619,CommunicationPoint,0,0
S2620,CommunicationPoint,0,0
S2621,Regular,1,580.0
S2622,Regular,1,528.0
S2623,Regular,2,475.0
S2624,CommunicationPoint,0,0
S2625,CommunicationPoint,0,0
S2626,CommunicationPoint,0,0
S2627,CommunicationPoint,0,0
S2628,Regular,2,11270.0
S2629,CommunicationPoint,0,0
S2630,Regular,2,12380.0
S2631,Regular,2,12550.0
S2632,CommunicationPoint,0,0
S2633,Regular,2,10050.0
S2634,Regular,2,528.0
S2635,Regular,2,528.0
S2636,CommunicationPoint,0,0
S2637,Regular,1,71966.0
S2638,CommunicationPoint,0,0
S2639,CommunicationPoint,0,0
S2640,Regular,2,8340.0
S2641,Regular,2,7290.0
S2642,Regular,2,12020.0
S2643,CommunicationPoint,0,0
S2644,CommunicationPoint,0,0
S2645,Regular,2,528.0
S2646,CommunicationPoint,0,0
S2647,Regular,2,15000.0
S2648,Regular,2,16070.0
S2649,Regular,2,8050.0
S2650,CommunicationPoint,0,0
S2651,Regular,1,528.0
S2652,CommunicationPoint,0,0
S2653,CommunicationPoint,0,0
S2654,Regular,2,8280.0
S2655,CommunicationPoint,0,0
S2656,CommunicationPoint,0,0
S2657,Gate,1,1742.0
S2658,Regular,2,9820.0
S2659,CommunicationPoint,0,0
S2660,Regular,2,16870.0
S2661,Regular,2,9380.0
S2662,Regular,2,9250.0
S2663,Regular,2,15120.0
S2664,Regular,2,8330.0
S2665,CommunicationPoint,0,0
S2666,Regular,1,1.0
S2667,Regular,2,17470.0
S2668,Regular,2,9800.0
S2669,Regular,2,12720.0
S2670,CommunicationPoint,0,0
S2671,Regular,4,6885.5
S2672,Regular,2,11340.0
S2673,Regular,2,11770.0
S2674,Regular,2,12730.0
S2675,Regular,2,12380.0
S2676,Gate,1,24604.0
S2677,Regular,2,10400.0
S2678,Regular,1,1.0
S2679,Regular,2,528.0
S2680,Regular,2,7250.0
S2681,Regular,2,21520.0
S2682,Regular,2,7570.0
S2683,Regular,2,8270.0
S2684,Regular,2,7000.0
S2685,Regular,2,11640.0
S2686,Regular,2,7270.0
S2687,CommunicationPoint,0,0
S2688,Regular,1,528.0
S2689,Regular,2,7270.0
S2690,Regular,2,7310.0
S2691,Regular,2,8600.0
S2692,CommunicationPoint,0,0
S2693,Regular,2,9240.0
S2694,Regular,2,8430.0
S2695,Regular,2,8850.0
S2696,Regular,2,7280.0
S2697,Regular,2,8800.0
S2698,Regular,2,8460.0
S2699,Gate,2,6652.5
S2700,CommunicationPoint,0,0
S2701,Regular,2,8850.0
S2702,Regular,2,6720.0
S2704,Regular,2,8380.0
S2705,Regular,2,8422.5
S2706,Regular,2,6360.0
S2707,Regular,2,9800.0
S2708,Regular,2,7260.0
S2709,Regular,2,10064.5
S2710,Regular,2,10900.0
S2711,Regular,2,8900.0
S2712,Regular,2,8540.0
S2713,Regular,2,11860.0
S2714,Regular,2,8940.0
S2715,Regular,2,8422.5
S2716,Regular,2,7932.0
S2717,Regular,2,7920.0
S2718,Regular,1,6388.0
S2719,CommunicationPoint,0,0
S2720,CommunicationPoint,0,0
S2721,Regular,2,8499.0
S2722,Regular,2,6520.0
S2723,Regular,2,8320.0
S2724,Regular,2,8644.5
S2725,Regular,2,9050.0
S2726,Gate,1,1.0
S2727,Regular,1,528.0
S2728,Regular,2,10500.0
S2729,CommunicationPoint,0,0
S2730,Regular,2,10670.0
S2731,Regular,4,8623.25
S2732,Regular,2,9780.0
S2733,Regular,2,10520.0
S2734,Gate,1,1.0
S2735,Gate,1,897.0
S2736,CommunicationPoint,0,0
S2737,Regular,2,7240.0
S2738,Regular,2,11310.0
S2739,Regular,2,11720.0
S2740,Regular,2,10370.0
S2741,Regular,1,528.0
S2742,Regular,2,13580.0
S2743,CommunicationPoint,0,0
S2744,CommunicationPoint,0,0
S2745,Regular,1,528.0
S2746,Gate,1,528.0
S2747,Regular,2,6640.0
S2748,Regular,2,9662.0
S2749,Regular,2,7066.0
S2750,Regular,2,8360.0
S2751,Regular,1,8000.0
S2752,Gate,2,12580.0
S2753,Regular,2,9950.0
S2754,Regular,2,8350.0
S2755,CommunicationPoint,0,0
S2756,Regular,2,8250.0
S2757,Regular,2,8420.0
S2758,Regular,4,5040.5
S2760,Regular,2,8340.0
S2761,Regular,2,8260.0
S2762,CommunicationPoint,0,0
S2763,Regular,2,8890.0
S2764,Regular,2,8710.0
S2765,Regular,2,10190.0
S2766,Regular,2,17240.0
S2767,Regular,2,8360.0
S2768,Regular,2,9660.0
S2769,Regular,1,1003.0
S2770,CommunicationPoint,0,0
S2771,CommunicationPoint,0,0
S2772,CommunicationPoint,0,0
S2773,CommunicationPoint,0,0
S2774,Regular,2,14990.0
S2775,Regular,2,8720.0
S2776,Regular,2,9694.0
S2777,Gate,1,63095.0
S2778,Regular,2,16070.0
S2779,Regular,2,10270.0
S2780,Regular,2,8470.0
S2781,CommunicationPoint,0,0
S2782,Regular,2,528.0
S2783,CommunicationPoint,0,0
S2784,CommunicationPoint,0,0
S2785,CommunicationPoint,0,0
S2786,CommunicationPoint,0,0
S2787,CommunicationPoint,0,0
S2788,Regular,1,52.0
S2789,Regular,1,528.0
S2790,Regular,1,528.0
S2791,CommunicationPoint,0,0
S2792,Regular,1,475.0
S2793,CommunicationPoint,0,0
S2794,Regular,1,686.0
S2795,CommunicationPoint,0,0
S2796,Regular,1,528.0
S2797,Gate,2,1900.5
S2798,CommunicationPoint,0,0
S2799,CommunicationPoint,0,0
S2801,Regular,2,8300.0
S2802,Regular,2,8360.0
S2803,Regular,2,8830.0
S2804,Regular,2,17230.0
S2805,Regular,2,8440.0
S2806,Regular,2,8370.0
S2807,Regular,2,8330.0
S2808,Regular,2,8220.0
S2809,Regular,2,8280.0
S2810,Regular,2,15210.0
S2811,Regular,2,9230.0
S2812,Regular,2,8470.0
S2813,Regular,2,15230.0
S2814,Regular,2,9250.0
S2815,Regular,2,10340.0
S2816,Regular,2,8400.0
S2817,Regular,2,10390.0
S2818,Regular,2,15990.0
S2819,Regular,2,9060.0
S2820,Regular,2,9440.0
S2821,Regular,2,8290.0
S2822,Regular,2,9350.0
S2823,Regular,2,8450.0
S2824,Regular,2,15020.0
S2825,Regular,2,8380.0
S2826,Regular,2,8200.0
S2827,Regular,2,9070.0
S2828,Regular,2,8500.0
S2829,Regular,2,8380.0
S2830,Regular,2,15150.0
S2831,Regular,2,8560.0
S2832,Regular,2,8330.0
S2833,Regular,2,8280.0
S2834,Regular,2,8240.0
S2835,Regular,2,8390.0
S2836,Regular,2,16510.0
S2837,Regular,2,8760.0
S2838,Regular,2,8080.0
S2839,Regular,1,528.0
S2840,Regular,2,15060.0
S2841,Regular,4,4269.0
S2843,Regular,2,15510.0
S2844,Regular,2,8420.0
S2845,Regular,2,8390.0
S2846,Regular,2,14990.0
S2847,Regular,2,9160.0
S2848,Regular,2,9190.0
S2849,Regular,2,8610.0
S2850,Regular,2,15250.0
S2851,Regular,2,9190.0
S2852,Regular,2,8420.0
S2853,Regular,2,8100.0
S2854,Regular,2,15190.0
S2855,Regular,2,8420.0
S2856,Regular,2,8680.0
S2857,Regular,2,9390.0
S2858,Regular,2,8400.0
S2859,Regular,2,15090.0
S2860,Regular,2,16110.0
S2861,Regular,2,8350.0
S2862,Regular,2,17920.0
S2863,Regular,2,15470.0
S2864,Regular,2,9700.0
S2865,Regular,2,11980.0
S2866,Regular,2,8590.0
S2867,CommunicationPoint,0,0
S2868,CommunicationPoint,0,0
S2869,CommunicationPoint,0,0
S2870,CommunicationPoint,0,0
S2871,Regular,2,18670.0
S2872,Regular,2,9010.0
S2873,Regular,2,8980.0
S2874,Regular,2,15000.0
S2875,Regular,2,9010.0
S2876,Regular,2,16430.0
S2877,Regular,2,8890.0
S2878,Regular,2,10480.0
S2879,Regular,2,16230.0
S2880,Regular,2,9190.0
S2881,Regular,3,9410.0
S2882,Regular,2,15000.0
S2883,Regular,2,9050.0
S2884,Regular,2,8990.0
S2885,Regular,2,15000.0
S2886,Regular,2,9020.0
S2887,CommunicationPoint,0,0
S2888,Gate,1,2.0
S2889,Regular,2,9230.0
S2890,Regular,2,17060.0
S2891,Regular,2,8890.0
S2892,Regular,2,14990.0
S2893,Regular,2,8890.0
S2894,Regular,2,17200.0
S2895,Regular,2,8920.0
S2896,Regular,2,25930.0
S2897,Regular,2,8860.0
S2898,Regular,2,15020.0
S2899,Regular,2,9010.0
S2900,Regular,2,15000.0
S2901,Regular,5,2930.2
S2902,Regular,2,8890.0
S2903,Regular,2,15790.0
S2904,Regular,2,8850.0
S2905,Regular,2,15190.0
S2906,Regular,2,8990.0
S2907,Regular,2,9050.0
S2908,Regular,2,9040.0
S2909,Regular,2,18690.0
S2910,Regular,2,9300.0
S2911,Regular,2,18320.0
S2912,Regular,2,9020.0
S2913,Regular,2,14310.0
S2914,Regular,2,14470.0
S2915,CommunicationPoint,0,0
S2916,CommunicationPoint,0,0
S2917,CommunicationPoint,0,0
S2918,Regular,2,20150.0
S2919,Regular,2,9730.0
S2920,CommunicationPoint,0,0
S2921,CommunicationPoint,0,0
S2922,CommunicationPoint,0,0
S2923,CommunicationPoint,0,0
S2924,CommunicationPoint,0,0
S2925,CommunicationPoint,0,0
S2926,CommunicationPoint,0,0
S2927,CommunicationPoint,0,0
S2928,CommunicationPoint,0,0
S2929,CommunicationPoint,0,0
S2930,CommunicationPoint,0,0
S2931,CommunicationPoint,0,0
S2932,CommunicationPoint,0,0
S2933,CommunicationPoint,0,0
S2934,CommunicationPoint,0,0
S2935,CommunicationPoint,0,0
S2936,CommunicationPoint,0,0
S2937,CommunicationPoint,0,0
S2938,CommunicationPoint,0,0
S2939,CommunicationPoint,0,0
S2940,CommunicationPoint,0,0
S2941,CommunicationPoint,0,0
S2942,CommunicationPoint,0,0
S2943,CommunicationPoint,0,0
S2944,CommunicationPoint,0,0
S2945,CommunicationPoint,0,0
S2946,CommunicationPoint,0,0
S2947,CommunicationPoint,0,0
S2948,CommunicationPoint,0,0
S2949,CommunicationPoint,0,0
S2950,CommunicationPoint,0,0
S2951,CommunicationPoint,0,0
S2952,CommunicationPoint,0,0
S2953,CommunicationPoint,0,0
S2954,CommunicationPoint,0,0
S2955,CommunicationPoint,0,0
S2956,CommunicationPoint,0,0
S2957,CommunicationPoint,0,0
S2958,CommunicationPoint,0,0
S2959,CommunicationPoint,0,0
S2960,CommunicationPoint,0,0
S2961,CommunicationPoint,0,0
S2962,CommunicationPoint,0,0
S2963,CommunicationPoint,0,0
S2964,CommunicationPoint,0,0
S2965,CommunicationPoint,0,0
S2966,CommunicationPoint,0,0
S2967,CommunicationPoint,0,0
S2968,CommunicationPoint,0,0
S2969,CommunicationPoint,0,0
S2970,CommunicationPoint,0,0
S2971,CommunicationPoint,0,0
S2972,CommunicationPoint,0,0
S2973,CommunicationPoint,0,0
S2974,CommunicationPoint,0,0
S2975,CommunicationPoint,0,0
S2976,CommunicationPoint,0,0
S2977,CommunicationPoint,0,0
S2978,CommunicationPoint,0,0
S2979,CommunicationPoint,0,0
S2980,CommunicationPoint,0,0
S2981,CommunicationPoint,0,0
S2982,CommunicationPoint,0,0
S2983,CommunicationPoint,0,0
S2984,CommunicationPoint,0,0
S2985,CommunicationPoint,0,0
S2986,CommunicationPoint,0,0
S2987,CommunicationPoint,0,0
S2988,CommunicationPoint,0,0
S2989,CommunicationPoint,0,0
S2990,CommunicationPoint,0,0
S2991,CommunicationPoint,0,0
S2992,CommunicationPoint,0,0
S2993,CommunicationPoint,0,0
S2994,CommunicationPoint,0,0
S2995,CommunicationPoint,0,0
S2996,CommunicationPoint,0,0
S2997,CommunicationPoint,0,0
S2998,CommunicationPoint,0,0
S2999,CommunicationPoint,0,0
S3000,CommunicationPoint,0,0
S3001,CommunicationPoint,0,0
S3002,CommunicationPoint,0,0
S3003,CommunicationPoint,0,0
S3004,CommunicationPoint,0,0
S3005,CommunicationPoint,0,0
S3006,CommunicationPoint,0,0
S3007,CommunicationPoint,0,0
S3008,CommunicationPoint,0,0
S3009,CommunicationPoint,0,0
S3010,CommunicationPoint,0,0
S3011,CommunicationPoint,0,0
S3012,CommunicationPoint,0,0
S3013,CommunicationPoint,0,0
S3014,CommunicationPoint,0,0
S3015,CommunicationPoint,0,0
S3016,CommunicationPoint,0,0
S3017,CommunicationPoint,0,0
S3018,CommunicationPoint,0,0
S3019,CommunicationPoint,0,0
S3020,CommunicationPoint,0,0
S3021,CommunicationPoint,0,0
S3022,CommunicationPoint,0,0
S3023,CommunicationPoint,0,0
S3024,CommunicationPoint,0,0
S3025,CommunicationPoint,0,0
S3026,CommunicationPoint,0,0
S3027,CommunicationPoint,0,0
S3028,CommunicationPoint,0,0
S3029,CommunicationPoint,0,0
S3030,CommunicationPoint,0,0
S3031,CommunicationPoint,0,0
S3032,CommunicationPoint,0,0
S3033,CommunicationPoint,0,0
S3034,CommunicationPoint,0,0
S3035,CommunicationPoint,0,0
S3036,CommunicationPoint,0,0
S3037,CommunicationPoint,0,0
S3038,CommunicationPoint,0,0
S3039,CommunicationPoint,0,0
S3040,CommunicationPoint,0,0
S3041,CommunicationPoint,0,0
S3042,CommunicationPoint,0,0
S3043,CommunicationPoint,0,0
S3044,CommunicationPoint,0,0
S3045,CommunicationPoint,0,0
S3046,CommunicationPoint,0,0
S3047,CommunicationPoint,0,0
S3048,CommunicationPoint,0,0
S3049,CommunicationPoint,0,0
S3050,CommunicationPoint,0,0
S3051,CommunicationPoint,0,0
S3052,CommunicationPoint,0,0
S3053,CommunicationPoint,0,0
S3054,CommunicationPoint,0,0
S3055,CommunicationPoint,0,0
S3056,CommunicationPoint,0,0
S3057,CommunicationPoint,0,0
S3058,CommunicationPoint,0,0
S3059,CommunicationPoint,0,0
S3060,CommunicationPoint,0,0
S3061,CommunicationPoint,0,0
S3062,CommunicationPoint,0,0
S3063,CommunicationPoint,0,0
S3064,CommunicationPoint,0,0
S3065,CommunicationPoint,0,0
S3066,CommunicationPoint,0,0
S3067,CommunicationPoint,0,0
S3068,CommunicationPoint,0,0
S3069,CommunicationPoint,0,0
S3070,CommunicationPoint,0,0
S3071,CommunicationPoint,0,0
S3072,CommunicationPoint,0,0
S3073,CommunicationPoint,0,0
S3074,CommunicationPoint,0,0
S3075,CommunicationPoint,0,0
S3076,CommunicationPoint,0,0
S3077,CommunicationPoint,0,0
S3078,CommunicationPoint,0,0
S3079,CommunicationPoint,0,0
S3080,CommunicationPoint,0,0
S3081,CommunicationPoint,0,0
S3082,CommunicationPoint,0,0
S3083,CommunicationPoint,0,0
S3084,CommunicationPoint,0,0
S3085,CommunicationPoint,0,0
S3086,CommunicationPoint,0,0
S3087,CommunicationPoint,0,0
S3088,CommunicationPoint,0,0
S3089,CommunicationPoint,0,0
S3090,CommunicationPoint,0,0
S3091,CommunicationPoint,0,0
